Dato,Skole ,Elevdag ,SFOdag ,Kommentar 
2017-08-01,Bærland skole ,Nei,Nei,Nei,Ja,Sommerferie 
2017-08-02,Bærland skole ,Nei,Nei,Nei,Ja,Sommerferie 
2017-08-03,Bærland skole ,Nei,Nei,Nei,Ja,Sommerferie 
2017-08-04,Bærland skole ,Nei,Nei,Nei,Ja,Sommerferie 
2017-08-05,Bærland skole ,Nei,Nei,Nei,Lørdag
2017-08-06,Bærland skole ,Nei,Nei,Nei,Søndag
2017-08-07,Bærland skole ,Nei,Nei,Nei,Ja,Sommerferie 
2017-08-08,Bærland skole ,Nei,Nei,Nei,Ja,Sommerferie 
2017-08-09,Bærland skole ,Nei,Nei,Nei,Ja,Sommerferie 
2017-08-10,Bærland skole ,Nei,Nei,Nei,Ja,Sommerferie 
2017-08-11,Bærland skole ,Nei,Nei,Nei,Ja,Sommerferie 
2017-08-12,Bærland skole ,Nei,Nei,Nei,Lørdag
2017-08-13,Bærland skole ,Nei,Nei,Nei,Søndag
2017-08-14,Bærland skole ,Nei,Nei,Nei,Ja,Sommerferie 
2017-08-15,Bærland skole ,Nei,Nei,Nei,Ja,Sommerferie 
2017-08-16,Bærland skole ,Nei,Nei,Nei,Ja,Sommerferie 
2017-08-17,Bærland skole ,Ja,Nei,Ja,Skolestart for elevene 
2017-08-18,Bærland skole ,Ja,Nei,Ja,
2017-08-19,Bærland skole ,Nei,Nei,Nei,Lørdag
2017-08-20,Bærland skole ,Nei,Nei,Nei,Søndag
2017-08-21,Bærland skole ,Ja,Nei,Ja,
2017-08-22,Bærland skole ,Ja,Nei,Ja,
2017-08-23,Bærland skole ,Ja,Nei,Ja,
2017-08-24,Bærland skole ,Ja,Nei,Ja,
2017-08-25,Bærland skole ,Ja,Nei,Ja,
2017-08-26,Bærland skole ,Nei,Nei,Nei,Lørdag
2017-08-27,Bærland skole ,Nei,Nei,Nei,Søndag
2017-08-28,Bærland skole ,Ja,Nei,Ja,
2017-08-29,Bærland skole ,Ja,Nei,Ja,
2017-08-30,Bærland skole ,Ja,Nei,Ja,
2017-08-31,Bærland skole ,Ja,Nei,Ja,
2017-09-01,Bærland skole ,Ja,Nei,Ja,
2017-09-02,Bærland skole ,Nei,Nei,Nei,Lørdag
2017-09-03,Bærland skole ,Nei,Nei,Nei,Søndag
2017-09-04,Bærland skole ,Ja,Nei,Ja,
2017-09-05,Bærland skole ,Ja,Nei,Ja,
2017-09-06,Bærland skole ,Ja,Nei,Ja,
2017-09-07,Bærland skole ,Ja,Nei,Ja,
2017-09-08,Bærland skole ,Ja,Nei,Ja,
2017-09-09,Bærland skole ,Nei,Nei,Nei,Lørdag
2017-09-10,Bærland skole ,Nei,Nei,Nei,Søndag
2017-09-11,Bærland skole ,Ja,Nei,Ja,
2017-09-12,Bærland skole ,Ja,Nei,Ja,
2017-09-13,Bærland skole ,Ja,Nei,Ja,
2017-09-14,Bærland skole ,Ja,Nei,Ja,
2017-09-15,Bærland skole ,Ja,Nei,Ja,
2017-09-16,Bærland skole ,Nei,Nei,Nei,Lørdag
2017-09-17,Bærland skole ,Nei,Nei,Nei,Søndag
2017-09-18,Bærland skole ,Ja,Nei,Ja,
2017-09-19,Bærland skole ,Ja,Nei,Ja,
2017-09-20,Bærland skole ,Ja,Nei,Ja,
2017-09-21,Bærland skole ,Ja,Nei,Ja,
2017-09-22,Bærland skole ,Ja,Nei,Ja,
2017-09-23,Bærland skole ,Nei,Nei,Nei,Lørdag
2017-09-24,Bærland skole ,Nei,Nei,Nei,Søndag
2017-09-25,Bærland skole ,Ja,Nei,Ja,
2017-09-26,Bærland skole ,Ja,Nei,Ja,
2017-09-27,Bærland skole ,Ja,Nei,Ja,
2017-09-28,Bærland skole ,Ja,Nei,Ja,
2017-09-29,Bærland skole ,Ja,Nei,Ja,
2017-09-30,Bærland skole ,Nei,Nei,Nei,Lørdag
2017-10-01,Bærland skole ,Nei,Nei,Nei,Søndag
2017-10-02,Bærland skole ,Ja,Nei,Ja,
2017-10-03,Bærland skole ,Ja,Nei,Ja,
2017-10-04,Bærland skole ,Ja,Nei,Ja,
2017-10-05,Bærland skole ,Ja,Nei,Ja,
2017-10-06,Bærland skole ,Ja,Nei,Ja,
2017-10-07,Bærland skole ,Nei,Nei,Nei,Lørdag
2017-10-08,Bærland skole ,Nei,Nei,Nei,Søndag
2017-10-09,Bærland skole ,Nei,Nei,Nei,Ja,Høstferie
2017-10-10,Bærland skole ,Nei,Nei,Nei,Ja,Høstferie
2017-10-11,Bærland skole ,Nei,Nei,Nei,Ja,Høstferie
2017-10-12,Bærland skole ,Nei,Nei,Nei,Ja,Høstferie
2017-10-13,Bærland skole ,Nei,Nei,Nei,Ja,Høstferie
2017-10-14,Bærland skole ,Nei,Nei,Nei,Lørdag
2017-10-15,Bærland skole ,Nei,Nei,Nei,Søndag
2017-10-16,Bærland skole ,Ja,Nei,Ja,
2017-10-17,Bærland skole ,Ja,Nei,Ja,
2017-10-18,Bærland skole ,Ja,Nei,Ja,
2017-10-19,Bærland skole ,Ja,Nei,Ja,
2017-10-20,Bærland skole ,Ja,Nei,Ja,
2017-10-21,Bærland skole ,Nei,Nei,Nei,Lørdag
2017-10-22,Bærland skole ,Nei,Nei,Nei,Søndag
2017-10-23,Bærland skole ,Ja,Nei,Ja,
2017-10-24,Bærland skole ,Ja,Nei,Ja,
2017-10-25,Bærland skole ,Ja,Nei,Ja,
2017-10-26,Bærland skole ,Ja,Nei,Ja,
2017-10-27,Bærland skole ,Ja,Nei,Ja,
2017-10-28,Bærland skole ,Nei,Nei,Nei,Lørdag
2017-10-29,Bærland skole ,Nei,Nei,Nei,Søndag
2017-10-30,Bærland skole ,Ja,Nei,Ja,
2017-10-31,Bærland skole ,Ja,Nei,Ja,
2017-11-01,Bærland skole ,Ja,Nei,Ja,
2017-11-02,Bærland skole ,Ja,Nei,Ja,
2017-11-03,Bærland skole ,Ja,Nei,Ja,
2017-11-04,Bærland skole ,Nei,Nei,Nei,Lørdag
2017-11-05,Bærland skole ,Nei,Nei,Nei,Søndag
2017-11-06,Bærland skole ,Ja,Nei,Ja,
2017-11-07,Bærland skole ,Ja,Nei,Ja,
2017-11-08,Bærland skole ,Ja,Nei,Ja,
2017-11-09,Bærland skole ,Ja,Nei,Ja,
2017-11-10,Bærland skole ,Ja,Nei,Ja,
2017-11-11,Bærland skole ,Nei,Nei,Nei,Lørdag
2017-11-12,Bærland skole ,Nei,Nei,Nei,Søndag
2017-11-13,Bærland skole ,Ja,Nei,Ja,
2017-11-14,Bærland skole ,Ja,Nei,Ja,
2017-11-15,Bærland skole ,Ja,Nei,Ja,
2017-11-16,Bærland skole ,Ja,Nei,Ja,
2017-11-17,Bærland skole ,Nei,Nei,Ja,Plandag
2017-11-18,Bærland skole ,Nei,Nei,Nei,Lørdag
2017-11-19,Bærland skole ,Nei,Nei,Nei,Søndag
2017-11-20,Bærland skole ,Ja,Nei,Ja,
2017-11-21,Bærland skole ,Ja,Nei,Ja,
2017-11-22,Bærland skole ,Ja,Nei,Ja,
2017-11-23,Bærland skole ,Ja,Nei,Ja,
2017-11-24,Bærland skole ,Ja,Nei,Ja,
2017-11-25,Bærland skole ,Nei,Nei,Nei,Lørdag
2017-11-26,Bærland skole ,Nei,Nei,Nei,Søndag
2017-11-27,Bærland skole ,Ja,Nei,Ja,
2017-11-28,Bærland skole ,Ja,Nei,Ja,
2017-11-29,Bærland skole ,Ja,Nei,Ja,
2017-11-30,Bærland skole ,Ja,Nei,Ja,
2017-12-01,Bærland skole ,Ja,Nei,Ja,
2017-12-02,Bærland skole ,Nei,Nei,Nei,Lørdag
2017-12-03,Bærland skole ,Nei,Nei,Nei,Søndag
2017-12-04,Bærland skole ,Ja,Nei,Ja,
2017-12-05,Bærland skole ,Ja,Nei,Ja,
2017-12-06,Bærland skole ,Ja,Nei,Ja,
2017-12-07,Bærland skole ,Ja,Nei,Ja,
2017-12-08,Bærland skole ,Ja,Nei,Ja,
2017-12-09,Bærland skole ,Nei,Nei,Nei,Lørdag
2017-12-10,Bærland skole ,Nei,Nei,Nei,Søndag
2017-12-11,Bærland skole ,Ja,Nei,Ja,
2017-12-12,Bærland skole ,Ja,Nei,Ja,
2017-12-13,Bærland skole ,Ja,Nei,Ja,
2017-12-14,Bærland skole ,Ja,Nei,Ja,
2017-12-15,Bærland skole ,Ja,Nei,Ja,
2017-12-16,Bærland skole ,Nei,Nei,Nei,Lørdag
2017-12-17,Bærland skole ,Nei,Nei,Nei,Søndag
2017-12-18,Bærland skole ,Ja,Nei,Ja,
2017-12-19,Bærland skole ,Ja,Nei,Ja,
2017-12-20,Bærland skole ,Ja,Nei,Ja,
2017-12-21,Bærland skole ,Ja,Nei,Ja,Siste skoledag før jul 
2017-12-22,Bærland skole ,Nei,Nei,Nei,Ja,Juleferie 
2017-12-23,Bærland skole ,Nei,Nei,Nei,Lørdag
2017-12-24,Bærland skole ,Nei,Nei,Nei,Søndag
2017-12-25,Bærland skole ,Nei,Nei,Nei,1. Juledag
2017-12-26,Bærland skole ,Nei,Nei,Nei,2. Juledag 
2017-12-27,Bærland skole ,Nei,Nei,Nei,Ja,Juleferie 
2017-12-28,Bærland skole ,Nei,Nei,Nei,Ja,Juleferie 
2017-12-29,Bærland skole ,Nei,Nei,Nei,Ja,Juleferie 
2017-12-30,Bærland skole ,Nei,Nei,Nei,Lørdag
2017-12-31,Bærland skole ,Nei,Nei,Nei,Søndag
2018-01-01,Bærland skole ,Nei,Nei,Nei,1. Nyttårsdag 
2018-01-02,Bærland skole ,Nei,Nei,Nei,Ja,Plandag
2018-01-03,Bærland skole ,Ja,Nei,Ja,Første skoledag etter jul
2018-01-04,Bærland skole ,Ja,Nei,Ja,
2018-01-05,Bærland skole ,Ja,Nei,Ja,
2018-01-06,Bærland skole ,Nei,Nei,Nei,Lørdag
2018-01-07,Bærland skole ,Nei,Nei,Nei,Søndag
2018-01-08,Bærland skole ,Ja,Nei,Ja,
2018-01-09,Bærland skole ,Ja,Nei,Ja,
2018-01-10,Bærland skole ,Ja,Nei,Ja,
2018-01-11,Bærland skole ,Ja,Nei,Ja,
2018-01-12,Bærland skole ,Ja,Nei,Ja,
2018-01-13,Bærland skole ,Nei,Nei,Nei,Lørdag
2018-01-14,Bærland skole ,Nei,Nei,Nei,Søndag
2018-01-15,Bærland skole ,Ja,Nei,Ja,
2018-01-16,Bærland skole ,Ja,Nei,Ja,
2018-01-17,Bærland skole ,Ja,Nei,Ja,
2018-01-18,Bærland skole ,Ja,Nei,Ja,
2018-01-19,Bærland skole ,Ja,Nei,Ja,
2018-01-20,Bærland skole ,Nei,Nei,Nei,Lørdag
2018-01-21,Bærland skole ,Nei,Nei,Nei,Søndag
2018-01-22,Bærland skole ,Ja,Nei,Ja,
2018-01-23,Bærland skole ,Ja,Nei,Ja,
2018-01-24,Bærland skole ,Ja,Nei,Ja,
2018-01-25,Bærland skole ,Ja,Nei,Ja,
2018-01-26,Bærland skole ,Ja,Nei,Ja,
2018-01-27,Bærland skole ,Nei,Nei,Nei,Lørdag
2018-01-28,Bærland skole ,Nei,Nei,Nei,Søndag
2018-01-29,Bærland skole ,Ja,Nei,Ja,
2018-01-30,Bærland skole ,Ja,Nei,Ja,
2018-01-31,Bærland skole ,Ja,Nei,Ja,
2018-02-01,Bærland skole ,Ja,Nei,Ja,
2018-02-02,Bærland skole ,Ja,Nei,Ja,
2018-02-03,Bærland skole ,Nei,Nei,Nei,Lørdag
2018-02-04,Bærland skole ,Nei,Nei,Nei,Søndag
2018-02-05,Bærland skole ,Ja,Nei,Ja,
2018-02-06,Bærland skole ,Ja,Nei,Ja,
2018-02-07,Bærland skole ,Ja,Nei,Ja,
2018-02-08,Bærland skole ,Ja,Nei,Ja,
2018-02-09,Bærland skole ,Ja,Nei,Ja,
2018-02-10,Bærland skole ,Nei,Nei,Nei,Lørdag
2018-02-11,Bærland skole ,Nei,Nei,Nei,Søndag
2018-02-12,Bærland skole ,Nei,Nei,Nei,Ja,Vinterferie
2018-02-13,Bærland skole ,Nei,Nei,Nei,Ja,Vinterferie
2018-02-14,Bærland skole ,Nei,Nei,Nei,Ja,Vinterferie
2018-02-15,Bærland skole ,Nei,Nei,Nei,Ja,Vinterferie
2018-02-16,Bærland skole ,Nei,Nei,Nei,Ja,Vinterferie
2018-02-17,Bærland skole ,Nei,Nei,Nei,Lørdag
2018-02-18,Bærland skole ,Nei,Nei,Nei,Søndag
2018-02-19,Bærland skole ,Ja,Nei,Ja,
2018-02-20,Bærland skole ,Ja,Nei,Ja,
2018-02-21,Bærland skole ,Ja,Nei,Ja,
2018-02-22,Bærland skole ,Ja,Nei,Ja,
2018-02-23,Bærland skole ,Ja,Nei,Ja,
2018-02-24,Bærland skole ,Nei,Nei,Nei,Lørdag
2018-02-25,Bærland skole ,Nei,Nei,Nei,Søndag
2018-02-26,Bærland skole ,Ja,Nei,Ja,
2018-02-27,Bærland skole ,Ja,Nei,Ja,
2018-02-28,Bærland skole ,Ja,Nei,Ja,
2018-03-01,Bærland skole ,Ja,Nei,Ja,
2018-03-02,Bærland skole ,Ja,Nei,Ja,
2018-03-03,Bærland skole ,Nei,Nei,Nei,Lørdag
2018-03-04,Bærland skole ,Nei,Nei,Nei,Søndag
2018-03-05,Bærland skole ,Ja,Nei,Ja,
2018-03-06,Bærland skole ,Ja,Nei,Ja,
2018-03-07,Bærland skole ,Ja,Nei,Ja,
2018-03-08,Bærland skole ,Ja,Nei,Ja,
2018-03-09,Bærland skole ,Ja,Nei,Ja,
2018-03-10,Bærland skole ,Nei,Nei,Nei,Lørdag
2018-03-11,Bærland skole ,Nei,Nei,Nei,Søndag
2018-03-12,Bærland skole ,Ja,Nei,Ja,
2018-03-13,Bærland skole ,Ja,Nei,Ja,
2018-03-14,Bærland skole ,Ja,Nei,Ja,
2018-03-15,Bærland skole ,Ja,Nei,Ja,
2018-03-16,Bærland skole ,Ja,Nei,Ja,
2018-03-17,Bærland skole ,Nei,Nei,Nei,Lørdag
2018-03-18,Bærland skole ,Nei,Nei,Nei,Søndag
2018-03-19,Bærland skole ,Ja,Nei,Ja,
2018-03-20,Bærland skole ,Ja,Nei,Ja,
2018-03-21,Bærland skole ,Ja,Nei,Ja,
2018-03-22,Bærland skole ,Ja,Nei,Ja,
2018-03-23,Bærland skole ,Ja,Nei,Ja,
2018-03-24,Bærland skole ,Nei,Nei,Nei,Lørdag
2018-03-25,Bærland skole ,Nei,Nei,Nei,Søndag
2018-03-26,Bærland skole ,Nei,Nei,Nei,Ja,Påskeferie
2018-03-27,Bærland skole ,Nei,Nei,Nei,Ja,Påskeferie
2018-03-28,Bærland skole ,Nei,Nei,Nei,Ja,Påskeferie
2018-03-29,Bærland skole ,Nei,Nei ,Skjærtorsdag 
2018-03-30,Bærland skole ,Nei,Nei,Nei,Langfredag 
2018-03-31,Bærland skole ,Nei,Nei,Nei,Lørdag
2018-04-01,Bærland skole ,Nei,Nei,Nei,Søndag
2018-04-02,Bærland skole ,Nei,Nei,Nei,2. Påskedag 
2018-04-03,Bærland skole ,Ja,Nei,Ja,Første skoledag etter påske 
2018-04-04,Bærland skole ,Ja,Nei,Ja,
2018-04-05,Bærland skole ,Ja,Nei,Ja,
2018-04-06,Bærland skole ,Ja,Nei,Ja,
2018-04-07,Bærland skole ,Nei,Nei,Nei,Lørdag
2018-04-08,Bærland skole ,Nei,Nei,Nei,Søndag
2018-04-09,Bærland skole ,Ja,Nei,Ja,
2018-04-10,Bærland skole ,Ja,Nei,Ja,
2018-04-11,Bærland skole ,Ja,Nei,Ja,
2018-04-12,Bærland skole ,Ja,Nei,Ja,
2018-04-13,Bærland skole ,Ja,Nei,Ja,
2018-04-14,Bærland skole ,Nei,Nei,Nei,Lørdag
2018-04-15,Bærland skole ,Nei,Nei,Nei,Søndag
2018-04-16,Bærland skole ,Ja,Nei,Ja,
2018-04-17,Bærland skole ,Ja,Nei,Ja,
2018-04-18,Bærland skole ,Ja,Nei,Ja,
2018-04-19,Bærland skole ,Ja,Nei,Ja,
2018-04-20,Bærland skole ,Ja,Nei,Ja,
2018-04-21,Bærland skole ,Nei,Nei,Nei,Lørdag
2018-04-22,Bærland skole ,Nei,Nei,Nei,Søndag
2018-04-23,Bærland skole ,Ja,Nei,Ja,
2018-04-24,Bærland skole ,Ja,Nei,Ja,
2018-04-25,Bærland skole ,Ja,Nei,Ja,
2018-04-26,Bærland skole ,Ja,Nei,Ja,
2018-04-27,Bærland skole ,Ja,Nei,Ja,
2018-04-28,Bærland skole ,Nei,Nei,Nei,Lørdag
2018-04-29,Bærland skole ,Nei,Nei,Nei,Søndag
2018-04-30,Bærland skole ,Nei,Nei,Nei,Ja,Fridag for elevene 
2018-05-01,Bærland skole ,Nei,Nei,Nei,Off. fridag 
2018-05-02,Bærland skole ,Ja,Nei,Ja,
2018-05-03,Bærland skole ,Ja,Nei,Ja,
2018-05-04,Bærland skole ,Ja,Nei,Ja,
2018-05-05,Bærland skole ,Nei,Nei,Nei,Lørdag
2018-05-06,Bærland skole ,Nei,Nei,Nei,Søndag
2018-05-07,Bærland skole ,Ja,Nei,Ja,
2018-05-08,Bærland skole ,Ja,Nei,Ja,
2018-05-09,Bærland skole ,Ja,Nei,Ja,
2018-05-10,Bærland skole ,Nei,Nei,Nei,Kr.H.F
2018-05-11,Bærland skole ,Nei,Nei,Nei,Ja,Fridag for elevene 
2018-05-12,Bærland skole ,Nei,Nei,Nei,Lørdag
2018-05-13,Bærland skole ,Nei,Nei,Nei,Søndag
2018-05-14,Bærland skole ,Ja,Nei,Ja,
2018-05-15,Bærland skole ,Ja,Nei,Ja,
2018-05-16,Bærland skole ,Ja,Nei,Ja,
2018-05-17,Bærland skole ,Nei,Nei,Nei,Grunnlovsdag 
2018-05-18,Bærland skole ,Nei,Nei,Nei,Ja,Fridag for elevene
2018-05-19,Bærland skole ,Nei,Nei,Nei,Lørdag
2018-05-20,Bærland skole ,Nei,Nei,Nei,Søndag
2018-05-21,Bærland skole ,Nei,Nei,Nei,2. pinsedag 
2018-05-22,Bærland skole ,Ja,Nei,Ja,
2018-05-23,Bærland skole ,Ja,Nei,Ja,
2018-05-24,Bærland skole ,Ja,Nei,Ja,
2018-05-25,Bærland skole ,Ja,Nei,Ja,
2018-05-26,Bærland skole ,Nei,Nei,Nei,Lørdag
2018-05-27,Bærland skole ,Nei,Nei,Nei,Søndag
2018-05-28,Bærland skole ,Ja,Nei,Ja,
2018-05-29,Bærland skole ,Ja,Nei,Ja,
2018-05-30,Bærland skole ,Ja,Nei,Ja,
2018-05-31,Bærland skole ,Ja,Nei,Ja,
2018-06-01,Bærland skole ,Ja,Nei,Ja,
2018-06-02,Bærland skole ,Nei,Nei,Nei,Lørdag
2018-06-03,Bærland skole ,Nei,Nei,Nei,Søndag
2018-06-04,Bærland skole ,Ja,Nei,Ja,
2018-06-05,Bærland skole ,Ja,Nei,Ja,
2018-06-06,Bærland skole ,Ja,Nei,Ja,
2018-06-07,Bærland skole ,Ja,Nei,Ja,
2018-06-08,Bærland skole ,Ja,Nei,Ja,
2018-06-09,Bærland skole ,Nei,Nei,Nei,Lørdag
2018-06-10,Bærland skole ,Nei,Nei,Nei,Søndag
2018-06-11,Bærland skole ,Ja,Nei,Ja,
2018-06-12,Bærland skole ,Ja,Nei,Ja,
2018-06-13,Bærland skole ,Ja,Nei,Ja,
2018-06-14,Bærland skole ,Ja,Nei,Ja,
2018-06-15,Bærland skole ,Ja,Nei,Ja,
2018-06-16,Bærland skole ,Nei,Nei,Nei,Lørdag
2018-06-17,Bærland skole ,Nei,Nei,Nei,Søndag
2018-06-18,Bærland skole ,Ja,Nei,Ja,
2018-06-19,Bærland skole ,Ja,Nei,Ja,
2018-06-20,Bærland skole ,Ja,Nei,Ja,
2018-06-21,Bærland skole ,Ja,Nei,Ja,
2018-06-22,Bærland skole ,Ja,Nei,Ja,Siste skoledag for elevene 
2018-06-23,Bærland skole ,Nei,Nei,Nei,Lørdag
2018-06-24,Bærland skole ,Nei,Nei,Nei,Søndag
2018-06-25,Bærland skole ,Nei,Nei,Nei,Ja,Sommerferie 
2018-06-26,Bærland skole ,Nei,Nei,Nei,Ja,Sommerferie 
2018-06-27,Bærland skole ,Nei,Nei,Nei,Ja,Sommerferie 
2018-06-28,Bærland skole ,Nei,Nei,Nei,Ja,Sommerferie 
2018-06-29,Bærland skole ,Nei,Nei,Nei,Ja,Sommerferie 
2018-06-30,Bærland skole ,Nei,Nei,Nei,Lørdag
2017-08-01,Solås skole ,Nei,Nei,Nei,Ja,Sommerferie 
2017-08-02,Solås skole ,Nei,Nei,Nei,Ja,Sommerferie 
2017-08-03,Solås skole ,Nei,Nei,Nei,Ja,Sommerferie 
2017-08-04,Solås skole ,Nei,Nei,Nei,Ja,Sommerferie 
2017-08-05,Solås skole ,Nei,Nei,Nei,Lørdag
2017-08-06,Solås skole ,Nei,Nei,Nei,Søndag
2017-08-07,Solås skole ,Nei,Nei,Nei,Ja,Sommerferie 
2017-08-08,Solås skole ,Nei,Nei,Nei,Ja,Sommerferie 
2017-08-09,Solås skole ,Nei,Nei,Nei,Ja,Sommerferie 
2017-08-10,Solås skole ,Nei,Nei,Nei,Ja,Sommerferie 
2017-08-11,Solås skole ,Nei,Nei,Nei,Ja,Sommerferie 
2017-08-12,Solås skole ,Nei,Nei,Nei,Lørdag
2017-08-13,Solås skole ,Nei,Nei,Nei,Søndag
2017-08-14,Solås skole ,Nei,Nei,Nei,Ja,Sommerferie 
2017-08-15,Solås skole ,Nei,Nei,Nei,Ja,Sommerferie 
2017-08-16,Solås skole ,Nei,Nei,Nei,Ja,Sommerferie 
2017-08-17,Solås skole ,Ja,Nei,Ja,Skolestart for elevene 
2017-08-18,Solås skole ,Ja,Nei,Ja,
2017-08-19,Solås skole ,Nei,Nei,Nei,Lørdag
2017-08-20,Solås skole ,Nei,Nei,Nei,Søndag
2017-08-21,Solås skole ,Ja,Nei,Ja,
2017-08-22,Solås skole ,Ja,Nei,Ja,
2017-08-23,Solås skole ,Ja,Nei,Ja,
2017-08-24,Solås skole ,Ja,Nei,Ja,
2017-08-25,Solås skole ,Ja,Nei,Ja,
2017-08-26,Solås skole ,Nei,Nei,Nei,Lørdag
2017-08-27,Solås skole ,Nei,Nei,Nei,Søndag
2017-08-28,Solås skole ,Ja,Nei,Ja,
2017-08-29,Solås skole ,Ja,Nei,Ja,
2017-08-30,Solås skole ,Ja,Nei,Ja,
2017-08-31,Solås skole ,Ja,Nei,Ja,
2017-09-01,Solås skole ,Ja,Nei,Ja,
2017-09-02,Solås skole ,Nei,Nei,Nei,Lørdag
2017-09-03,Solås skole ,Nei,Nei,Nei,Søndag
2017-09-04,Solås skole ,Ja,Nei,Ja,
2017-09-05,Solås skole ,Ja,Nei,Ja,
2017-09-06,Solås skole ,Ja,Nei,Ja,
2017-09-07,Solås skole ,Ja,Nei,Ja,
2017-09-08,Solås skole ,Ja,Nei,Ja,
2017-09-09,Solås skole ,Nei,Nei,Nei,Lørdag
2017-09-10,Solås skole ,Nei,Nei,Nei,Søndag
2017-09-11,Solås skole ,Ja,Nei,Ja,
2017-09-12,Solås skole ,Ja,Nei,Ja,
2017-09-13,Solås skole ,Ja,Nei,Ja,
2017-09-14,Solås skole ,Ja,Nei,Ja,
2017-09-15,Solås skole ,Ja,Nei,Ja,
2017-09-16,Solås skole ,Nei,Nei,Nei,Lørdag
2017-09-17,Solås skole ,Nei,Nei,Nei,Søndag
2017-09-18,Solås skole ,Ja,Nei,Ja,
2017-09-19,Solås skole ,Ja,Nei,Ja,
2017-09-20,Solås skole ,Ja,Nei,Ja,
2017-09-21,Solås skole ,Ja,Nei,Ja,
2017-09-22,Solås skole ,Ja,Nei,Ja,
2017-09-23,Solås skole ,Nei,Nei,Nei,Lørdag
2017-09-24,Solås skole ,Nei,Nei,Nei,Søndag
2017-09-25,Solås skole ,Ja,Nei,Ja,
2017-09-26,Solås skole ,Ja,Nei,Ja,
2017-09-27,Solås skole ,Ja,Nei,Ja,
2017-09-28,Solås skole ,Ja,Nei,Ja,
2017-09-29,Solås skole ,Ja,Nei,Ja,
2017-09-30,Solås skole ,Nei,Nei,Nei,Lørdag
2017-10-01,Solås skole ,Nei,Nei,Nei,Søndag
2017-10-02,Solås skole ,Ja,Nei,Ja,
2017-10-03,Solås skole ,Ja,Nei,Ja,
2017-10-04,Solås skole ,Ja,Nei,Ja,
2017-10-05,Solås skole ,Ja,Nei,Ja,
2017-10-06,Solås skole ,Ja,Nei,Ja,
2017-10-07,Solås skole ,Nei,Nei,Nei,Lørdag
2017-10-08,Solås skole ,Nei,Nei,Nei,Søndag
2017-10-09,Solås skole ,Nei,Nei,Nei,Ja,Høstferie
2017-10-10,Solås skole ,Nei,Nei,Nei,Ja,Høstferie
2017-10-11,Solås skole ,Nei,Nei,Nei,Ja,Høstferie
2017-10-12,Solås skole ,Nei,Nei,Nei,Ja,Høstferie
2017-10-13,Solås skole ,Nei,Nei,Nei,Ja,Høstferie
2017-10-14,Solås skole ,Nei,Nei,Nei,Lørdag
2017-10-15,Solås skole ,Nei,Nei,Nei,Søndag
2017-10-16,Solås skole ,Ja,Nei,Ja,
2017-10-17,Solås skole ,Ja,Nei,Ja,
2017-10-18,Solås skole ,Ja,Nei,Ja,
2017-10-19,Solås skole ,Ja,Nei,Ja,
2017-10-20,Solås skole ,Ja,Nei,Ja,
2017-10-21,Solås skole ,Nei,Nei,Nei,Lørdag
2017-10-22,Solås skole ,Nei,Nei,Nei,Søndag
2017-10-23,Solås skole ,Ja,Nei,Ja,
2017-10-24,Solås skole ,Ja,Nei,Ja,
2017-10-25,Solås skole ,Ja,Nei,Ja,
2017-10-26,Solås skole ,Ja,Nei,Ja,
2017-10-27,Solås skole ,Ja,Nei,Ja,
2017-10-28,Solås skole ,Nei,Nei,Nei,Lørdag
2017-10-29,Solås skole ,Nei,Nei,Nei,Søndag
2017-10-30,Solås skole ,Ja,Nei,Ja,
2017-10-31,Solås skole ,Ja,Nei,Ja,
2017-11-01,Solås skole ,Ja,Nei,Ja,
2017-11-02,Solås skole ,Ja,Nei,Ja,
2017-11-03,Solås skole ,Nei,Nei,Nei,Ja,
2017-11-04,Solås skole ,Nei,Nei,Nei,Lørdag
2017-11-05,Solås skole ,Nei,Nei,Nei,Søndag
2017-11-06,Solås skole ,Ja,Nei,Ja,
2017-11-07,Solås skole ,Ja,Nei,Ja,
2017-11-08,Solås skole ,Ja,Nei,Ja,
2017-11-09,Solås skole ,Ja,Nei,Ja,
2017-11-10,Solås skole ,Ja,Nei,Ja,
2017-11-11,Solås skole ,Nei,Nei,Nei,Lørdag
2017-11-12,Solås skole ,Nei,Nei,Nei,Søndag
2017-11-13,Solås skole ,Ja,Nei,Ja,
2017-11-14,Solås skole ,Ja,Nei,Ja,
2017-11-15,Solås skole ,Ja,Nei,Ja,
2017-11-16,Solås skole ,Ja,Nei,Ja,
2017-11-17,Solås skole ,Nei,Nei,Ja,Plandag
2017-11-18,Solås skole ,Nei,Nei,Nei,Lørdag
2017-11-19,Solås skole ,Nei,Nei,Nei,Søndag
2017-11-20,Solås skole ,Ja,Nei,Ja,
2017-11-21,Solås skole ,Ja,Nei,Ja,
2017-11-22,Solås skole ,Ja,Nei,Ja,
2017-11-23,Solås skole ,Ja,Nei,Ja,
2017-11-24,Solås skole ,Ja,Nei,Ja,
2017-11-25,Solås skole ,Nei,Nei,Nei,Lørdag
2017-11-26,Solås skole ,Nei,Nei,Nei,Søndag
2017-11-27,Solås skole ,Ja,Nei,Ja,
2017-11-28,Solås skole ,Ja,Nei,Ja,
2017-11-29,Solås skole ,Ja,Nei,Ja,
2017-11-30,Solås skole ,Ja,Nei,Ja,
2017-12-01,Solås skole ,Ja,Nei,Ja,
2017-12-02,Solås skole ,Nei,Nei,Nei,Lørdag
2017-12-03,Solås skole ,Nei,Nei,Nei,Søndag
2017-12-04,Solås skole ,Ja,Nei,Ja,
2017-12-05,Solås skole ,Ja,Nei,Ja,
2017-12-06,Solås skole ,Ja,Nei,Ja,
2017-12-07,Solås skole ,Ja,Nei,Ja,
2017-12-08,Solås skole ,Ja,Nei,Ja,
2017-12-09,Solås skole ,Nei,Nei,Nei,Lørdag
2017-12-10,Solås skole ,Nei,Nei,Nei,Søndag
2017-12-11,Solås skole ,Ja,Nei,Ja,
2017-12-12,Solås skole ,Ja,Nei,Ja,
2017-12-13,Solås skole ,Ja,Nei,Ja,
2017-12-14,Solås skole ,Ja,Nei,Ja,
2017-12-15,Solås skole ,Ja,Nei,Ja,
2017-12-16,Solås skole ,Nei,Nei,Nei,Lørdag
2017-12-17,Solås skole ,Nei,Nei,Nei,Søndag
2017-12-18,Solås skole ,Ja,Nei,Ja,
2017-12-19,Solås skole ,Ja,Nei,Ja,
2017-12-20,Solås skole ,Ja,Nei,Ja,
2017-12-21,Solås skole ,Ja,Nei,Ja,Siste skoledag før jul 
2017-12-22,Solås skole ,Nei,Nei,Nei,Ja,Juleferie 
2017-12-23,Solås skole ,Nei,Nei,Nei,Lørdag
2017-12-24,Solås skole ,Nei,Nei,Nei,Søndag
2017-12-25,Solås skole ,Nei,Nei,Nei,1. Juledag
2017-12-26,Solås skole ,Nei,Nei,Nei,2. Juledag 
2017-12-27,Solås skole ,Nei,Nei,Nei,Ja,Juleferie 
2017-12-28,Solås skole ,Nei,Nei,Nei,Ja,Juleferie 
2017-12-29,Solås skole ,Nei,Nei,Nei,Ja,Juleferie 
2017-12-30,Solås skole ,Nei,Nei,Nei,Lørdag
2017-12-31,Solås skole ,Nei,Nei,Nei,Søndag
2018-01-01,Solås skole ,Nei,Nei,Nei,1. Nyttårsdag 
2018-01-02,Solås skole ,Nei,Nei,Nei,Ja,Plandag
2018-01-03,Solås skole ,Ja,Nei,Ja,Første skoledag etter jul
2018-01-04,Solås skole ,Ja,Nei,Ja,
2018-01-05,Solås skole ,Ja,Nei,Ja,
2018-01-06,Solås skole ,Nei,Nei,Nei,Lørdag
2018-01-07,Solås skole ,Nei,Nei,Nei,Søndag
2018-01-08,Solås skole ,Ja,Nei,Ja,
2018-01-09,Solås skole ,Ja,Nei,Ja,
2018-01-10,Solås skole ,Ja,Nei,Ja,
2018-01-11,Solås skole ,Ja,Nei,Ja,
2018-01-12,Solås skole ,Ja,Nei,Ja,
2018-01-13,Solås skole ,Nei,Nei,Nei,Lørdag
2018-01-14,Solås skole ,Nei,Nei,Nei,Søndag
2018-01-15,Solås skole ,Ja,Nei,Ja,
2018-01-16,Solås skole ,Ja,Nei,Ja,
2018-01-17,Solås skole ,Ja,Nei,Ja,
2018-01-18,Solås skole ,Ja,Nei,Ja,
2018-01-19,Solås skole ,Ja,Nei,Ja,
2018-01-20,Solås skole ,Nei,Nei,Nei,Lørdag
2018-01-21,Solås skole ,Nei,Nei,Nei,Søndag
2018-01-22,Solås skole ,Ja,Nei,Ja,
2018-01-23,Solås skole ,Ja,Nei,Ja,
2018-01-24,Solås skole ,Ja,Nei,Ja,
2018-01-25,Solås skole ,Ja,Nei,Ja,
2018-01-26,Solås skole ,Ja,Nei,Ja,
2018-01-27,Solås skole ,Nei,Nei,Nei,Lørdag
2018-01-28,Solås skole ,Nei,Nei,Nei,Søndag
2018-01-29,Solås skole ,Ja,Nei,Ja,
2018-01-30,Solås skole ,Ja,Nei,Ja,
2018-01-31,Solås skole ,Ja,Nei,Ja,
2018-02-01,Solås skole ,Ja,Nei,Ja,
2018-02-02,Solås skole ,Ja,Nei,Ja,
2018-02-03,Solås skole ,Nei,Nei,Nei,Lørdag
2018-02-04,Solås skole ,Nei,Nei,Nei,Søndag
2018-02-05,Solås skole ,Ja,Nei,Ja,
2018-02-06,Solås skole ,Ja,Nei,Ja,
2018-02-07,Solås skole ,Ja,Nei,Ja,
2018-02-08,Solås skole ,Ja,Nei,Ja,
2018-02-09,Solås skole ,Ja,Nei,Ja,
2018-02-10,Solås skole ,Nei,Nei,Nei,Lørdag
2018-02-11,Solås skole ,Nei,Nei,Nei,Søndag
2018-02-12,Solås skole ,Nei,Nei,Nei,Ja,Vinterferie
2018-02-13,Solås skole ,Nei,Nei,Nei,Ja,Vinterferie
2018-02-14,Solås skole ,Nei,Nei,Nei,Ja,Vinterferie
2018-02-15,Solås skole ,Nei,Nei,Nei,Ja,Vinterferie
2018-02-16,Solås skole ,Nei,Nei,Nei,Ja,Vinterferie
2018-02-17,Solås skole ,Nei,Nei,Nei,Lørdag
2018-02-18,Solås skole ,Nei,Nei,Nei,Søndag
2018-02-19,Solås skole ,Ja,Nei,Ja,
2018-02-20,Solås skole ,Ja,Nei,Ja,
2018-02-21,Solås skole ,Ja,Nei,Ja,
2018-02-22,Solås skole ,Ja,Nei,Ja,
2018-02-23,Solås skole ,Ja,Nei,Ja,
2018-02-24,Solås skole ,Nei,Nei,Nei,Lørdag
2018-02-25,Solås skole ,Nei,Nei,Nei,Søndag
2018-02-26,Solås skole ,Ja,Nei,Ja,
2018-02-27,Solås skole ,Ja,Nei,Ja,
2018-02-28,Solås skole ,Ja,Nei,Ja,
2018-03-01,Solås skole ,Ja,Nei,Ja,
2018-03-02,Solås skole ,Ja,Nei,Ja,
2018-03-03,Solås skole ,Nei,Nei,Nei,Lørdag
2018-03-04,Solås skole ,Nei,Nei,Nei,Søndag
2018-03-05,Solås skole ,Ja,Nei,Ja,
2018-03-06,Solås skole ,Ja,Nei,Ja,
2018-03-07,Solås skole ,Ja,Nei,Ja,
2018-03-08,Solås skole ,Ja,Nei,Ja,
2018-03-09,Solås skole ,Ja,Nei,Ja,
2018-03-10,Solås skole ,Nei,Nei,Nei,Lørdag
2018-03-11,Solås skole ,Nei,Nei,Nei,Søndag
2018-03-12,Solås skole ,Ja,Nei,Ja,
2018-03-13,Solås skole ,Ja,Nei,Ja,
2018-03-14,Solås skole ,Ja,Nei,Ja,
2018-03-15,Solås skole ,Ja,Nei,Ja,
2018-03-16,Solås skole ,Ja,Nei,Ja,
2018-03-17,Solås skole ,Nei,Nei,Nei,Lørdag
2018-03-18,Solås skole ,Nei,Nei,Nei,Søndag
2018-03-19,Solås skole ,Ja,Nei,Ja,
2018-03-20,Solås skole ,Ja,Nei,Ja,
2018-03-21,Solås skole ,Ja,Nei,Ja,
2018-03-22,Solås skole ,Ja,Nei,Ja,
2018-03-23,Solås skole ,Ja,Nei,Ja,
2018-03-24,Solås skole ,Nei,Nei,Nei,Lørdag
2018-03-25,Solås skole ,Nei,Nei,Nei,Søndag
2018-03-26,Solås skole ,Nei,Nei,Nei,Ja,Påskeferie
2018-03-27,Solås skole ,Nei,Nei,Nei,Ja,Påskeferie
2018-03-28,Solås skole ,Nei,Nei,Nei,Ja,Påskeferie
2018-03-29,Solås skole ,Nei,Nei,Nei,Skjærtorsdag 
2018-03-30,Solås skole ,nei,Nei ,Langfredag 
2018-03-31,Solås skole ,Nei,Nei,Nei,Lørdag
2018-04-01,Solås skole ,Nei,Nei,Nei,Søndag
2018-04-02,Solås skole ,Nei,Nei,Nei,2. Påskedag 
2018-04-03,Solås skole ,Ja,Nei,Ja,Første skoledag etter påske 
2018-04-04,Solås skole ,Ja,Nei,Ja,
2018-04-05,Solås skole ,Ja,Nei,Ja,
2018-04-06,Solås skole ,Ja,Nei,Ja,
2018-04-07,Solås skole ,Nei,Nei,Nei,Lørdag
2018-04-08,Solås skole ,Nei,Nei,Nei,Søndag
2018-04-09,Solås skole ,Ja,Nei,Ja,
2018-04-10,Solås skole ,Ja,Nei,Ja,
2018-04-11,Solås skole ,Ja,Nei,Ja,
2018-04-12,Solås skole ,Ja,Nei,Ja,
2018-04-13,Solås skole ,Ja,Nei,Ja,
2018-04-14,Solås skole ,Nei,Nei,Nei,Lørdag
2018-04-15,Solås skole ,Nei,Nei,Nei,Søndag
2018-04-16,Solås skole ,Ja,Nei,Ja,
2018-04-17,Solås skole ,Ja,Nei,Ja,
2018-04-18,Solås skole ,Ja,Nei,Ja,
2018-04-19,Solås skole ,Ja,Nei,Ja,
2018-04-20,Solås skole ,Ja,Nei,Ja,
2018-04-21,Solås skole ,Nei,Nei,Nei,Lørdag
2018-04-22,Solås skole ,Nei,Nei,Nei,Søndag
2018-04-23,Solås skole ,Ja,Nei,Ja,
2018-04-24,Solås skole ,Ja,Nei,Ja,
2018-04-25,Solås skole ,Ja,Nei,Ja,
2018-04-26,Solås skole ,Ja,Nei,Ja,
2018-04-27,Solås skole ,Ja,Nei,Ja,
2018-04-28,Solås skole ,Nei,Nei,Nei,Lørdag
2018-04-29,Solås skole ,Nei,Nei,Nei,Søndag
2018-04-30,Solås skole ,Nei,Nei,Nei,Ja,Fridag for elevene 
2018-05-01,Solås skole ,Nei,Nei,Nei,Off. fridag 
2018-05-02,Solås skole ,Ja,Nei,Ja,
2018-05-03,Solås skole ,Ja,Nei,Ja,
2018-05-04,Solås skole ,Ja,Nei,Ja,
2018-05-05,Solås skole ,Nei,Nei,Nei,Lørdag
2018-05-06,Solås skole ,Nei,Nei,Nei,Søndag
2018-05-07,Solås skole ,Ja,Nei,Ja,
2018-05-08,Solås skole ,Ja,Nei,Ja,
2018-05-09,Solås skole ,Ja,Nei,Ja,
2018-05-10,Solås skole ,Nei,Nei,Nei,Kr.H.F
2018-05-11,Solås skole ,Nei,Nei,Nei,Ja,Fridag for elevene 
2018-05-12,Solås skole ,Nei,Nei,Nei,Lørdag
2018-05-13,Solås skole ,Nei,Nei,Nei,Søndag
2018-05-14,Solås skole ,Ja,Nei,Ja,
2018-05-15,Solås skole ,Ja,Nei,Ja,
2018-05-16,Solås skole ,Ja,Nei,Ja,
2018-05-17,Solås skole ,Nei,Nei,Nei,Grunnlovsdag 
2018-05-18,Solås skole ,Nei,Nei,Nei,Ja,Fridag for elevene
2018-05-19,Solås skole ,Nei,Nei,Nei,Lørdag
2018-05-20,Solås skole ,Nei,Nei,Nei,Søndag
2018-05-21,Solås skole ,Nei,Nei,Nei,2. pinsedag 
2018-05-22,Solås skole ,Ja,Nei,Ja,
2018-05-23,Solås skole ,Ja,Nei,Ja,
2018-05-24,Solås skole ,Ja,Nei,Ja,
2018-05-25,Solås skole ,Ja,Nei,Ja,
2018-05-26,Solås skole ,Nei,Nei,Nei,Lørdag
2018-05-27,Solås skole ,Nei,Nei,Nei,Søndag
2018-05-28,Solås skole ,Ja,Nei,Ja,
2018-05-29,Solås skole ,Ja,Nei,Ja,
2018-05-30,Solås skole ,Ja,Nei,Ja,
2018-05-31,Solås skole ,Ja,Nei,Ja,
2018-06-01,Solås skole ,Ja,Nei,Ja,
2018-06-02,Solås skole ,Nei,Nei,Nei,Lørdag
2018-06-03,Solås skole ,Nei,Nei,Nei,Søndag
2018-06-04,Solås skole ,Ja,Nei,Ja,
2018-06-05,Solås skole ,Ja,Nei,Ja,
2018-06-06,Solås skole ,Ja,Nei,Ja,
2018-06-07,Solås skole ,Ja,Nei,Ja,
2018-06-08,Solås skole ,Ja,Nei,Ja,
2018-06-09,Solås skole ,Nei,Nei,Nei,Lørdag
2018-06-10,Solås skole ,Nei,Nei,Nei,Søndag
2018-06-11,Solås skole ,Ja,Nei,Ja,
2018-06-12,Solås skole ,Ja,Nei,Ja,
2018-06-13,Solås skole ,Ja,Nei,Ja,
2018-06-14,Solås skole ,Ja,Nei,Ja,
2018-06-15,Solås skole ,Ja,Nei,Ja,
2018-06-16,Solås skole ,Nei,Nei,Nei,Lørdag
2018-06-17,Solås skole ,Nei,Nei,Nei,Søndag
2018-06-18,Solås skole ,Ja,Nei,Ja,
2018-06-19,Solås skole ,Ja,Nei,Ja,
2018-06-20,Solås skole ,Ja,Nei,Ja,
2018-06-21,Solås skole ,Ja,Nei,Ja,
2018-06-22,Solås skole ,Ja,Nei,Ja,Siste skoledag for elevene 
2018-06-23,Solås skole ,Nei,Nei,Nei,Lørdag
2018-06-24,Solås skole ,Nei,Nei,Nei,Søndag
2018-06-25,Solås skole ,Nei,Nei,Nei,Ja,Sommerferie 
2018-06-26,Solås skole ,Nei,Nei,Nei,Ja,Sommerferie 
2018-06-27,Solås skole ,Nei,Nei,Nei,Ja,Sommerferie 
2018-06-28,Solås skole ,Nei,Nei,Nei,Ja,Sommerferie 
2018-06-29,Solås skole ,Nei,Nei,Nei,Ja,Sommerferie 
2018-06-30,Solås skole ,Nei,Nei,Nei,Lørdag
2017-08-01,Gjesdal ungdomsskole ,Nei,Nei,Nei,Ja,Sommerferie 
2017-08-02,Gjesdal ungdomsskole ,Nei,Nei,Nei,Ja,Sommerferie 
2017-08-03,Gjesdal ungdomsskole ,Nei,Nei,Nei,Ja,Sommerferie 
2017-08-04,Gjesdal ungdomsskole ,Nei,Nei,Nei,Ja,Sommerferie 
2017-08-05,Gjesdal ungdomsskole ,Nei,Nei,Nei,Lørdag
2017-08-06,Gjesdal ungdomsskole ,Nei,Nei,Nei,Søndag
2017-08-07,Gjesdal ungdomsskole ,Nei,Nei,Nei,Ja,Sommerferie 
2017-08-08,Gjesdal ungdomsskole ,Nei,Nei,Nei,Ja,Sommerferie 
2017-08-09,Gjesdal ungdomsskole ,Nei,Nei,Nei,Ja,Sommerferie 
2017-08-10,Gjesdal ungdomsskole ,Nei,Nei,Nei,Ja,Sommerferie 
2017-08-11,Gjesdal ungdomsskole ,Nei,Nei,Nei,Ja,Sommerferie 
2017-08-12,Gjesdal ungdomsskole ,Nei,Nei,Nei,Lørdag
2017-08-13,Gjesdal ungdomsskole ,Nei,Nei,Nei,Søndag
2017-08-14,Gjesdal ungdomsskole ,Nei,Nei,Nei,Ja,Sommerferie 
2017-08-15,Gjesdal ungdomsskole ,Nei,Nei,Nei,Ja,Sommerferie 
2017-08-16,Gjesdal ungdomsskole ,Nei,Nei,Nei,Ja,Sommerferie 
2017-08-17,Gjesdal ungdomsskole ,Ja,Nei,Ja,Skolestart for elevene 
2017-08-18,Gjesdal ungdomsskole ,Ja,Nei,Ja,
2017-08-19,Gjesdal ungdomsskole ,Nei,Nei,Nei,Lørdag
2017-08-20,Gjesdal ungdomsskole ,Nei,Nei,Nei,Søndag
2017-08-21,Gjesdal ungdomsskole ,Ja,Nei,Ja,
2017-08-22,Gjesdal ungdomsskole ,Ja,Nei,Ja,
2017-08-23,Gjesdal ungdomsskole ,Ja,Nei,Ja,
2017-08-24,Gjesdal ungdomsskole ,Ja,Nei,Ja,
2017-08-25,Gjesdal ungdomsskole ,Ja,Nei,Ja,
2017-08-26,Gjesdal ungdomsskole ,Nei,Nei,Nei,Lørdag
2017-08-27,Gjesdal ungdomsskole ,Nei,Nei,Nei,Søndag
2017-08-28,Gjesdal ungdomsskole ,Ja,Nei,Ja,
2017-08-29,Gjesdal ungdomsskole ,Ja,Nei,Ja,
2017-08-30,Gjesdal ungdomsskole ,Ja,Nei,Ja,
2017-08-31,Gjesdal ungdomsskole ,Ja,Nei,Ja,
2017-09-01,Gjesdal ungdomsskole ,Ja,Nei,Ja,
2017-09-02,Gjesdal ungdomsskole ,Nei,Nei,Nei,Lørdag
2017-09-03,Gjesdal ungdomsskole ,Nei,Nei,Nei,Søndag
2017-09-04,Gjesdal ungdomsskole ,Ja,Nei,Ja,
2017-09-05,Gjesdal ungdomsskole ,Ja,Nei,Ja,
2017-09-06,Gjesdal ungdomsskole ,Ja,Nei,Ja,
2017-09-07,Gjesdal ungdomsskole ,Ja,Nei,Ja,
2017-09-08,Gjesdal ungdomsskole ,Ja,Nei,Ja,
2017-09-09,Gjesdal ungdomsskole ,Nei,Nei,Nei,Lørdag
2017-09-10,Gjesdal ungdomsskole ,Nei,Nei,Nei,Søndag
2017-09-11,Gjesdal ungdomsskole ,Ja,Nei,Ja,
2017-09-12,Gjesdal ungdomsskole ,Ja,Nei,Ja,
2017-09-13,Gjesdal ungdomsskole ,Ja,Nei,Ja,
2017-09-14,Gjesdal ungdomsskole ,Ja,Nei,Ja,
2017-09-15,Gjesdal ungdomsskole ,Ja,Nei,Ja,
2017-09-16,Gjesdal ungdomsskole ,Nei,Nei,Nei,Lørdag
2017-09-17,Gjesdal ungdomsskole ,Nei,Nei,Nei,Søndag
2017-09-18,Gjesdal ungdomsskole ,Ja,Nei,Ja,
2017-09-19,Gjesdal ungdomsskole ,Ja,Nei,Ja,
2017-09-20,Gjesdal ungdomsskole ,Ja,Nei,Ja,
2017-09-21,Gjesdal ungdomsskole ,Ja,Nei,Ja,
2017-09-22,Gjesdal ungdomsskole ,Ja,Nei,Ja,
2017-09-23,Gjesdal ungdomsskole ,Nei,Nei,Nei,Lørdag
2017-09-24,Gjesdal ungdomsskole ,Nei,Nei,Nei,Søndag
2017-09-25,Gjesdal ungdomsskole ,Ja,Nei,Ja,
2017-09-26,Gjesdal ungdomsskole ,Ja,Nei,Ja,
2017-09-27,Gjesdal ungdomsskole ,Ja,Nei,Ja,
2017-09-28,Gjesdal ungdomsskole ,Ja,Nei,Ja,
2017-09-29,Gjesdal ungdomsskole ,Ja,Nei,Ja,
2017-09-30,Gjesdal ungdomsskole ,Nei,Nei,Nei,Lørdag
2017-10-01,Gjesdal ungdomsskole ,Nei,Nei,Nei,Søndag
2017-10-02,Gjesdal ungdomsskole ,Ja,Nei,Ja,
2017-10-03,Gjesdal ungdomsskole ,Ja,Nei,Ja,
2017-10-04,Gjesdal ungdomsskole ,Ja,Nei,Ja,
2017-10-05,Gjesdal ungdomsskole ,Ja,Nei,Ja,
2017-10-06,Gjesdal ungdomsskole ,Ja,Nei,Ja,
2017-10-07,Gjesdal ungdomsskole ,Nei,Nei,Nei,Lørdag
2017-10-08,Gjesdal ungdomsskole ,Nei,Nei,Nei,Søndag
2017-10-09,Gjesdal ungdomsskole ,Nei,Nei,Nei,Ja,Høstferie
2017-10-10,Gjesdal ungdomsskole ,Nei,Nei,Nei,Ja,Høstferie
2017-10-11,Gjesdal ungdomsskole ,Nei,Nei,Nei,Ja,Høstferie
2017-10-12,Gjesdal ungdomsskole ,Nei,Nei,Nei,Ja,Høstferie
2017-10-13,Gjesdal ungdomsskole ,Nei,Nei,Nei,Ja,Høstferie
2017-10-14,Gjesdal ungdomsskole ,Nei,Nei,Nei,Lørdag
2017-10-15,Gjesdal ungdomsskole ,Nei,Nei,Nei,Søndag
2017-10-16,Gjesdal ungdomsskole ,Ja,Nei,Ja,
2017-10-17,Gjesdal ungdomsskole ,Ja,Nei,Ja,
2017-10-18,Gjesdal ungdomsskole ,Ja,Nei,Ja,
2017-10-19,Gjesdal ungdomsskole ,Ja,Nei,Ja,
2017-10-20,Gjesdal ungdomsskole ,Ja,Nei,Ja,
2017-10-21,Gjesdal ungdomsskole ,Nei,Nei,Nei,Lørdag
2017-10-22,Gjesdal ungdomsskole ,Nei,Nei,Nei,Søndag
2017-10-23,Gjesdal ungdomsskole ,Ja,Nei,Ja,
2017-10-24,Gjesdal ungdomsskole ,Ja,Nei,Ja,
2017-10-25,Gjesdal ungdomsskole ,Ja,Nei,Ja,
2017-10-26,Gjesdal ungdomsskole ,Ja,Nei,Ja,
2017-10-27,Gjesdal ungdomsskole ,Ja,Nei,Ja,
2017-10-28,Gjesdal ungdomsskole ,Nei,Nei,Nei,Lørdag
2017-10-29,Gjesdal ungdomsskole ,Nei,Nei,Nei,Søndag
2017-10-30,Gjesdal ungdomsskole ,Ja,Nei,Ja,
2017-10-31,Gjesdal ungdomsskole ,Ja,Nei,Ja,
2017-11-01,Gjesdal ungdomsskole ,Ja,Nei,Ja,
2017-11-02,Gjesdal ungdomsskole ,Ja,Nei,Ja,
2017-11-03,Gjesdal ungdomsskole ,Ja,Nei,Ja,
2017-11-04,Gjesdal ungdomsskole ,Nei,Nei,Nei,Lørdag
2017-11-05,Gjesdal ungdomsskole ,Nei,Nei ,Søndag
2017-11-06,Gjesdal ungdomsskole ,Ja,Nei,Ja,
2017-11-07,Gjesdal ungdomsskole ,Ja,Nei,Ja,
2017-11-08,Gjesdal ungdomsskole ,Ja,Nei,Ja,
2017-11-09,Gjesdal ungdomsskole ,Ja,Nei,Ja,
2017-11-10,Gjesdal ungdomsskole ,Ja,Nei,Ja,
2017-11-11,Gjesdal ungdomsskole ,Nei,Nei,Nei,Lørdag
2017-11-12,Gjesdal ungdomsskole ,Nei,Nei,Nei,Søndag
2017-11-13,Gjesdal ungdomsskole ,Ja,Nei,Ja,
2017-11-14,Gjesdal ungdomsskole ,Ja,Nei,Ja,
2017-11-15,Gjesdal ungdomsskole ,Ja,Nei,Ja,
2017-11-16,Gjesdal ungdomsskole ,Ja,Nei,Ja,
2017-11-17,Gjesdal ungdomsskole ,Nei,Nei,Ja,Plandag
2017-11-18,Gjesdal ungdomsskole ,Nei,Nei,Nei,Lørdag
2017-11-19,Gjesdal ungdomsskole ,Nei,Nei,Nei,Søndag
2017-11-20,Gjesdal ungdomsskole ,Ja,Nei,Ja,
2017-11-21,Gjesdal ungdomsskole ,Ja,Nei,Ja,
2017-11-22,Gjesdal ungdomsskole ,Ja,Nei,Ja,
2017-11-23,Gjesdal ungdomsskole ,Ja,Nei,Ja,
2017-11-24,Gjesdal ungdomsskole ,Ja,Nei,Ja,
2017-11-25,Gjesdal ungdomsskole ,Nei,Nei,Nei,Lørdag
2017-11-26,Gjesdal ungdomsskole ,Nei,Nei,Nei,Søndag
2017-11-27,Gjesdal ungdomsskole ,Ja,Nei,Ja,
2017-11-28,Gjesdal ungdomsskole ,Ja,Nei,Ja,
2017-11-29,Gjesdal ungdomsskole ,Ja,Nei,Ja,
2017-11-30,Gjesdal ungdomsskole ,Ja,Nei,Ja,
2017-12-01,Gjesdal ungdomsskole ,Ja,Nei,Ja,
2017-12-02,Gjesdal ungdomsskole ,Nei,Nei,Nei,Lørdag
2017-12-03,Gjesdal ungdomsskole ,Nei,Nei,Nei,Søndag
2017-12-04,Gjesdal ungdomsskole ,Ja,Nei,Ja,
2017-12-05,Gjesdal ungdomsskole ,Ja,Nei,Ja,
2017-12-06,Gjesdal ungdomsskole ,Ja,Nei,Ja,
2017-12-07,Gjesdal ungdomsskole ,Ja,Nei,Ja,
2017-12-08,Gjesdal ungdomsskole ,Ja,Nei,Ja,
2017-12-09,Gjesdal ungdomsskole ,Nei,Nei,Nei,Lørdag
2017-12-10,Gjesdal ungdomsskole ,Nei,Nei,Nei,Søndag
2017-12-11,Gjesdal ungdomsskole ,Ja,Nei,Ja,
2017-12-12,Gjesdal ungdomsskole ,Ja,Nei,Ja,
2017-12-13,Gjesdal ungdomsskole ,Ja,Nei,Ja,
2017-12-14,Gjesdal ungdomsskole ,Ja,Nei,Ja,
2017-12-15,Gjesdal ungdomsskole ,Ja,Nei,Ja,
2017-12-16,Gjesdal ungdomsskole ,Nei,Nei,Nei,Lørdag
2017-12-17,Gjesdal ungdomsskole ,Nei,Nei,Nei,Søndag
2017-12-18,Gjesdal ungdomsskole ,Ja,Nei,Ja,
2017-12-19,Gjesdal ungdomsskole ,Ja,Nei,Ja,
2017-12-20,Gjesdal ungdomsskole ,Ja,Nei,Ja,
2017-12-21,Gjesdal ungdomsskole ,Ja,Nei,Ja,Siste skoledag før jul 
2017-12-22,Gjesdal ungdomsskole ,Nei,Nei,Nei,Ja,Juleferie 
2017-12-23,Gjesdal ungdomsskole ,Nei,Nei,Nei,Lørdag
2017-12-24,Gjesdal ungdomsskole ,Nei,Nei,Nei,Søndag
2017-12-25,Gjesdal ungdomsskole ,Nei,Nei,Nei,1. Juledag
2017-12-26,Gjesdal ungdomsskole ,Nei,Nei,Nei,2. Juledag 
2017-12-27,Gjesdal ungdomsskole ,Nei,Nei,Nei,Ja,Juleferie 
2017-12-28,Gjesdal ungdomsskole ,Nei,Nei,Nei,Ja,Juleferie 
2017-12-29,Gjesdal ungdomsskole ,Nei,Nei,Nei,Ja,Juleferie 
2017-12-30,Gjesdal ungdomsskole ,Nei,Nei,Nei,Lørdag
2017-12-31,Gjesdal ungdomsskole ,Nei,Nei,Nei,Søndag
2018-01-01,Gjesdal ungdomsskole ,Nei,Nei,Nei,1. Nyttårsdag 
2018-01-02,Gjesdal ungdomsskole ,Nei,Nei,Nei,Ja,Plandag
2018-01-03,Gjesdal ungdomsskole ,Ja,Nei,Ja,Første skoledag etter jul
2018-01-04,Gjesdal ungdomsskole ,Ja,Nei,Ja,
2018-01-05,Gjesdal ungdomsskole ,Ja,Nei,Ja,
2018-01-06,Gjesdal ungdomsskole ,Nei,Nei,Nei,Lørdag
2018-01-07,Gjesdal ungdomsskole ,Nei,Nei,Nei,Søndag
2018-01-08,Gjesdal ungdomsskole ,Ja,Nei,Ja,
2018-01-09,Gjesdal ungdomsskole ,Ja,Nei,Ja,
2018-01-10,Gjesdal ungdomsskole ,Ja,Nei,Ja,
2018-01-11,Gjesdal ungdomsskole ,Ja,Nei,Ja,
2018-01-12,Gjesdal ungdomsskole ,Ja,Nei,Ja,
2018-01-13,Gjesdal ungdomsskole ,Nei,Nei,Nei,Lørdag
2018-01-14,Gjesdal ungdomsskole ,Nei,Nei,Nei,Søndag
2018-01-15,Gjesdal ungdomsskole ,Ja,Nei,Ja,
2018-01-16,Gjesdal ungdomsskole ,Ja,Nei,Ja,
2018-01-17,Gjesdal ungdomsskole ,Ja,Nei,Ja,
2018-01-18,Gjesdal ungdomsskole ,Ja,Nei,Ja,
2018-01-19,Gjesdal ungdomsskole ,Ja,Nei,Ja,
2018-01-20,Gjesdal ungdomsskole ,Nei,Nei,Nei,Lørdag
2018-01-21,Gjesdal ungdomsskole ,Nei,Nei,Nei,Søndag
2018-01-22,Gjesdal ungdomsskole ,Ja,Nei,Ja,
2018-01-23,Gjesdal ungdomsskole ,Ja,Nei,Ja,
2018-01-24,Gjesdal ungdomsskole ,Ja,Nei,Ja,
2018-01-25,Gjesdal ungdomsskole ,Ja,Nei,Ja,
2018-01-26,Gjesdal ungdomsskole ,Ja,Nei,Ja,
2018-01-27,Gjesdal ungdomsskole ,Nei,Nei,Nei,Lørdag
2018-01-28,Gjesdal ungdomsskole ,Nei,Nei,Nei,Søndag
2018-01-29,Gjesdal ungdomsskole ,Ja,Nei,Ja,
2018-01-30,Gjesdal ungdomsskole ,Ja,Nei,Ja,
2018-01-31,Gjesdal ungdomsskole ,Ja,Nei,Ja,
2018-02-01,Gjesdal ungdomsskole ,Ja,Nei,Ja,
2018-02-02,Gjesdal ungdomsskole ,Ja,Nei,Ja,
2018-02-03,Gjesdal ungdomsskole ,Nei,Nei,Nei,Lørdag
2018-02-04,Gjesdal ungdomsskole ,Nei,Nei,Nei,Søndag
2018-02-05,Gjesdal ungdomsskole ,Ja,Nei,Ja,
2018-02-06,Gjesdal ungdomsskole ,Ja,Nei,Ja,
2018-02-07,Gjesdal ungdomsskole ,Ja,Nei,Ja,
2018-02-08,Gjesdal ungdomsskole ,Ja,Nei,Ja,
2018-02-09,Gjesdal ungdomsskole ,Ja,Nei,Ja,
2018-02-10,Gjesdal ungdomsskole ,Nei,Nei,Nei,Lørdag
2018-02-11,Gjesdal ungdomsskole ,Nei,Nei,Nei,Søndag
2018-02-12,Gjesdal ungdomsskole ,Nei,Nei,Nei,Ja,Vinterferie
2018-02-13,Gjesdal ungdomsskole ,Nei,Nei,Nei,Ja,Vinterferie
2018-02-14,Gjesdal ungdomsskole ,Nei,Nei,Nei,Ja,Vinterferie
2018-02-15,Gjesdal ungdomsskole ,Nei,Nei,Nei,Ja,Vinterferie
2018-02-16,Gjesdal ungdomsskole ,Nei,Nei,Nei,Ja,Vinterferie
2018-02-17,Gjesdal ungdomsskole ,Nei,Nei,Nei,Lørdag
2018-02-18,Gjesdal ungdomsskole ,Nei,Nei,Nei,Søndag
2018-02-19,Gjesdal ungdomsskole ,Ja,Nei,Ja,
2018-02-20,Gjesdal ungdomsskole ,Ja,Nei,Ja,
2018-02-21,Gjesdal ungdomsskole ,Ja,Nei,Ja,
2018-02-22,Gjesdal ungdomsskole ,Ja,Nei,Ja,
2018-02-23,Gjesdal ungdomsskole ,Ja,Nei,Ja,
2018-02-24,Gjesdal ungdomsskole ,Nei,Nei,Nei,Lørdag
2018-02-25,Gjesdal ungdomsskole ,Nei,Nei,Nei,Søndag
2018-02-26,Gjesdal ungdomsskole ,Ja,Nei,Ja,
2018-02-27,Gjesdal ungdomsskole ,Ja,Nei,Ja,
2018-02-28,Gjesdal ungdomsskole ,Ja,Nei,Ja,
2018-03-01,Gjesdal ungdomsskole ,Ja,Nei,Ja,
2018-03-02,Gjesdal ungdomsskole ,Ja,Nei,Ja,
2018-03-03,Gjesdal ungdomsskole ,Nei,Nei,Nei,Lørdag
2018-03-04,Gjesdal ungdomsskole ,Nei,Nei,Nei,Søndag
2018-03-05,Gjesdal ungdomsskole ,Ja,Nei,Ja,
2018-03-06,Gjesdal ungdomsskole ,Ja,Nei,Ja,
2018-03-07,Gjesdal ungdomsskole ,Ja,Nei,Ja,
2018-03-08,Gjesdal ungdomsskole ,Ja,Nei,Ja,
2018-03-09,Gjesdal ungdomsskole ,Ja,Nei,Ja,
2018-03-10,Gjesdal ungdomsskole ,Nei,Nei,Nei,Lørdag
2018-03-11,Gjesdal ungdomsskole ,Nei,Nei,Nei,Søndag
2018-03-12,Gjesdal ungdomsskole ,Ja,Nei,Ja,
2018-03-13,Gjesdal ungdomsskole ,Ja,Nei,Ja,
2018-03-14,Gjesdal ungdomsskole ,Ja,Nei,Ja,
2018-03-15,Gjesdal ungdomsskole ,Ja,Nei,Ja,
2018-03-16,Gjesdal ungdomsskole ,Ja,Nei,Ja,
2018-03-17,Gjesdal ungdomsskole ,Nei,Nei,Nei,Lørdag
2018-03-18,Gjesdal ungdomsskole ,Nei,Nei,Nei,Søndag
2018-03-19,Gjesdal ungdomsskole ,Ja,Nei,Ja,
2018-03-20,Gjesdal ungdomsskole ,Ja,Nei,Ja,
2018-03-21,Gjesdal ungdomsskole ,Ja,Nei,Ja,
2018-03-22,Gjesdal ungdomsskole ,Ja,Nei,Ja,
2018-03-23,Gjesdal ungdomsskole ,Ja,Nei,Ja,
2018-03-24,Gjesdal ungdomsskole ,Nei,Nei,Nei,Lørdag
2018-03-25,Gjesdal ungdomsskole ,Nei,Nei,Nei,Søndag
2018-03-26,Gjesdal ungdomsskole ,Nei,Nei,Nei,Ja,Påskeferie
2018-03-27,Gjesdal ungdomsskole ,Nei,Nei,Nei,Ja,Påskeferie
2018-03-28,Gjesdal ungdomsskole ,Nei,Nei,Nei,Ja,Påskeferie
2018-03-29,Gjesdal ungdomsskole ,Nei,Nei,Nei,Skjærtorsdag 
2018-03-30,Gjesdal ungdomsskole ,Nei,Nei,Nei,Langfredag 
2018-03-31,Gjesdal ungdomsskole ,Nei,Nei,Nei,Lørdag
2018-04-01,Gjesdal ungdomsskole ,Nei,Nei,Nei,Søndag
2018-04-02,Gjesdal ungdomsskole ,Nei,Nei,Nei,2. Påskedag 
2018-04-03,Gjesdal ungdomsskole ,Ja,Nei,Ja,Første skoledag etter påske 
2018-04-04,Gjesdal ungdomsskole ,Ja,Nei,Ja,
2018-04-05,Gjesdal ungdomsskole ,Ja,Nei,Ja,
2018-04-06,Gjesdal ungdomsskole ,Ja,Nei,Ja,
2018-04-07,Gjesdal ungdomsskole ,Nei,Nei,Nei,Lørdag
2018-04-08,Gjesdal ungdomsskole ,Nei,Nei,Nei,Søndag
2018-04-09,Gjesdal ungdomsskole ,Ja,Nei,Ja,
2018-04-10,Gjesdal ungdomsskole ,Ja,Nei,Ja,
2018-04-11,Gjesdal ungdomsskole ,Ja,Nei,Ja,
2018-04-12,Gjesdal ungdomsskole ,Ja,Nei,Ja,
2018-04-13,Gjesdal ungdomsskole ,Ja,Nei,Ja,
2018-04-14,Gjesdal ungdomsskole ,Nei,Nei,Nei,Lørdag
2018-04-15,Gjesdal ungdomsskole ,Nei,Nei,Nei,Søndag
2018-04-16,Gjesdal ungdomsskole ,Ja,Nei,Ja,
2018-04-17,Gjesdal ungdomsskole ,Ja,Nei,Ja,
2018-04-18,Gjesdal ungdomsskole ,Ja,Nei,Ja,
2018-04-19,Gjesdal ungdomsskole ,Ja,Nei,Ja,
2018-04-20,Gjesdal ungdomsskole ,Ja,Nei,Ja,
2018-04-21,Gjesdal ungdomsskole ,Nei,Nei,Nei,Lørdag
2018-04-22,Gjesdal ungdomsskole ,Nei,Nei,Nei,Søndag
2018-04-23,Gjesdal ungdomsskole ,Ja,Nei,Ja,
2018-04-24,Gjesdal ungdomsskole ,Ja,Nei,Ja,
2018-04-25,Gjesdal ungdomsskole ,Ja,Nei,Ja,
2018-04-26,Gjesdal ungdomsskole ,Ja,Nei,Ja,
2018-04-27,Gjesdal ungdomsskole ,Ja,Nei,Ja,
2018-04-28,Gjesdal ungdomsskole ,Nei,Nei,Nei,Lørdag
2018-04-29,Gjesdal ungdomsskole ,Nei,Nei,Nei,Søndag
2018-04-30,Gjesdal ungdomsskole ,Nei,Nei,Nei,Ja,Fridag for elevene 
2018-05-01,Gjesdal ungdomsskole ,Nei,Nei,Nei,Off. fridag 
2018-05-02,Gjesdal ungdomsskole ,Ja,Nei,Ja,
2018-05-03,Gjesdal ungdomsskole ,Ja,Nei,Ja,
2018-05-04,Gjesdal ungdomsskole ,Ja,Nei,Ja,
2018-05-05,Gjesdal ungdomsskole ,Nei,Nei,Nei,Lørdag
2018-05-06,Gjesdal ungdomsskole ,Nei,Nei,Nei,Søndag
2018-05-07,Gjesdal ungdomsskole ,Ja,Nei,Ja,
2018-05-08,Gjesdal ungdomsskole ,Ja,Nei,Ja,
2018-05-09,Gjesdal ungdomsskole ,Ja,Nei,Ja,
2018-05-10,Gjesdal ungdomsskole ,Nei,Nei,Nei,Kr.H.F
2018-05-11,Gjesdal ungdomsskole ,Nei,Nei,Nei,Ja,Fridag for elevene 
2018-05-12,Gjesdal ungdomsskole ,Nei,Nei,Nei,Lørdag
2018-05-13,Gjesdal ungdomsskole ,Nei,Nei,Nei,Søndag
2018-05-14,Gjesdal ungdomsskole ,Ja,Nei,Ja,
2018-05-15,Gjesdal ungdomsskole ,Ja,Nei,Ja,
2018-05-16,Gjesdal ungdomsskole ,Ja,Nei,Ja,
2018-05-17,Gjesdal ungdomsskole ,Nei,Nei,Nei,Grunnlovsdag 
2018-05-18,Gjesdal ungdomsskole ,Nei,,Fridag for elevene
2018-05-19,Gjesdal ungdomsskole ,Nei,Nei,Nei,Lørdag
2018-05-20,Gjesdal ungdomsskole ,Nei,Nei,Nei,Søndag
2018-05-21,Gjesdal ungdomsskole ,Nei,Nei,Nei,2. pinsedag 
2018-05-22,Gjesdal ungdomsskole ,Ja,Nei,Ja,
2018-05-23,Gjesdal ungdomsskole ,Ja,Nei,Ja,
2018-05-24,Gjesdal ungdomsskole ,Ja,Nei,Ja,
2018-05-25,Gjesdal ungdomsskole ,Ja,Nei,Ja,
2018-05-26,Gjesdal ungdomsskole ,Nei,Nei,Nei,Lørdag
2018-05-27,Gjesdal ungdomsskole ,Nei,Nei,Nei,Søndag
2018-05-28,Gjesdal ungdomsskole ,Ja,Nei,Ja,
2018-05-29,Gjesdal ungdomsskole ,Ja,Nei,Ja,
2018-05-30,Gjesdal ungdomsskole ,Ja,Nei,Ja,
2018-05-31,Gjesdal ungdomsskole ,Ja,Nei,Ja,
2018-06-01,Gjesdal ungdomsskole ,Ja,Nei,Ja,
2018-06-02,Gjesdal ungdomsskole ,Nei,Nei,Nei,Lørdag
2018-06-03,Gjesdal ungdomsskole ,Nei,Nei,Nei,Søndag
2018-06-04,Gjesdal ungdomsskole ,Ja,Nei,Ja,
2018-06-05,Gjesdal ungdomsskole ,Ja,Nei,Ja,
2018-06-06,Gjesdal ungdomsskole ,Ja,Nei,Ja,
2018-06-07,Gjesdal ungdomsskole ,Ja,Nei,Ja,
2018-06-08,Gjesdal ungdomsskole ,Ja,Nei,Ja,
2018-06-09,Gjesdal ungdomsskole ,Nei,Nei,Nei,Lørdag
2018-06-10,Gjesdal ungdomsskole ,Nei,Nei,Nei,Søndag
2018-06-11,Gjesdal ungdomsskole ,Ja,Nei,Ja,
2018-06-12,Gjesdal ungdomsskole ,Ja,Nei,Ja,
2018-06-13,Gjesdal ungdomsskole ,Ja,Nei,Ja,
2018-06-14,Gjesdal ungdomsskole ,Ja,Nei,Ja,
2018-06-15,Gjesdal ungdomsskole ,Ja,Nei,Ja,
2018-06-16,Gjesdal ungdomsskole ,Nei,Nei,Nei,Lørdag
2018-06-17,Gjesdal ungdomsskole ,Nei,Nei,Nei,Søndag
2018-06-18,Gjesdal ungdomsskole ,Ja,Nei,Ja,
2018-06-19,Gjesdal ungdomsskole ,Ja,Nei,Ja,
2018-06-20,Gjesdal ungdomsskole ,Ja,Nei,Ja,
2018-06-21,Gjesdal ungdomsskole ,Ja,Nei,Ja,
2018-06-22,Gjesdal ungdomsskole ,Ja,Nei,Ja,Siste skoledag for elevene 
2018-06-23,Gjesdal ungdomsskole ,Nei,Nei,Nei,Lørdag
2018-06-24,Gjesdal ungdomsskole ,Nei,Nei,Nei,Søndag
2018-06-25,Gjesdal ungdomsskole ,Nei,Nei,Nei,Ja,Sommerferie 
2018-06-26,Gjesdal ungdomsskole ,Nei,Nei,Nei,Ja,Sommerferie 
2018-06-27,Gjesdal ungdomsskole ,Nei,Nei,Nei,Ja,Sommerferie 
2018-06-28,Gjesdal ungdomsskole ,Nei,Nei,Nei,Ja,Sommerferie 
2018-06-29,Gjesdal ungdomsskole ,Nei,Nei,Nei,Ja,Sommerferie 
2018-06-30,Gjesdal ungdomsskole ,Nei,Nei,Nei,Lørdag
2017-08-01,ålgård skole ,Nei,Nei,Nei,Ja,Sommerferie 
2017-08-02,ålgård skole ,Nei,Nei,Nei,Ja,Sommerferie 
2017-08-03,ålgård skole ,Nei,Nei,Nei,Ja,Sommerferie 
2017-08-04,ålgård skole ,Nei,Nei,Nei,Ja,Sommerferie 
2017-08-05,ålgård skole ,Nei,Nei,Nei,Lørdag
2017-08-06,ålgård skole ,Nei,Nei,Nei,Søndag
2017-08-07,ålgård skole ,Nei,Nei,Nei,Ja,Sommerferie 
2017-08-08,ålgård skole ,Nei,Nei,Nei,Ja,Sommerferie 
2017-08-09,ålgård skole ,Nei,Nei,Nei,Ja,Sommerferie 
2017-08-10,ålgård skole ,Nei,Nei,Nei,Ja,Sommerferie 
2017-08-11,ålgård skole ,Nei,Nei,Nei,Ja,Sommerferie 
2017-08-12,ålgård skole ,Nei,Nei,Nei,Lørdag
2017-08-13,ålgård skole ,Nei,Nei,Nei,Søndag
2017-08-14,ålgård skole ,Nei,Nei,Nei,Ja,Sommerferie 
2017-08-15,ålgård skole ,Nei,Nei,Nei,Ja,Sommerferie 
2017-08-16,ålgård skole ,Nei,Nei,Nei,Ja,Sommerferie 
2017-08-17,ålgård skole ,Ja,Nei,Ja,Skolestart for elevene 
2017-08-18,ålgård skole ,Ja,Nei,Ja,
2017-08-19,ålgård skole ,Nei,Nei,Nei,Lørdag
2017-08-20,ålgård skole ,Nei,Nei,Nei,Søndag
2017-08-21,ålgård skole ,Ja,Nei,Ja,
2017-08-22,ålgård skole ,Ja,Nei,Ja,
2017-08-23,ålgård skole ,Ja,Nei,Ja,
2017-08-24,ålgård skole ,Ja,Nei,Ja,
2017-08-25,ålgård skole ,Ja,Nei,Ja,
2017-08-26,ålgård skole ,Nei,Nei,Nei,Lørdag
2017-08-27,ålgård skole ,Nei,Nei,Nei,Søndag
2017-08-28,ålgård skole ,Ja,Nei,Ja,
2017-08-29,ålgård skole ,Ja,Nei,Ja,
2017-08-30,ålgård skole ,Ja,Nei,Ja,
2017-08-31,ålgård skole ,Ja,Nei,Ja,
2017-09-01,ålgård skole ,Ja,Nei,Ja,
2017-09-02,ålgård skole ,Nei,Nei,Nei,Lørdag
2017-09-03,ålgård skole ,Nei,Nei,Nei,Søndag
2017-09-04,ålgård skole ,Ja,Nei,Ja,
2017-09-05,ålgård skole ,Ja,Nei,Ja,
2017-09-06,ålgård skole ,Ja,Nei,Ja,
2017-09-07,ålgård skole ,Ja,Nei,Ja,
2017-09-08,ålgård skole ,Ja,Nei,Ja,
2017-09-09,ålgård skole ,Nei,Nei,Nei,Lørdag
2017-09-10,ålgård skole ,Nei,Nei,Nei,Søndag
2017-09-11,ålgård skole ,Ja,Nei,Ja,
2017-09-12,ålgård skole ,Ja,Nei,Ja,
2017-09-13,ålgård skole ,Ja,Nei,Ja,
2017-09-14,ålgård skole ,Ja,Nei,Ja,
2017-09-15,ålgård skole ,Ja,Nei,Ja,
2017-09-16,ålgård skole ,Nei,Nei,Nei,Lørdag
2017-09-17,ålgård skole ,Nei,Nei,Nei,Søndag
2017-09-18,ålgård skole ,Ja,Nei,Ja,
2017-09-19,ålgård skole ,Ja,Nei,Ja,
2017-09-20,ålgård skole ,Ja,Nei,Ja,
2017-09-21,ålgård skole ,Ja,Nei,Ja,
2017-09-22,ålgård skole ,Ja,Nei,Ja,
2017-09-23,ålgård skole ,Nei,Nei,Nei,Lørdag
2017-09-24,ålgård skole ,Nei,Nei,Nei,Søndag
2017-09-25,ålgård skole ,Ja,Nei,Ja,
2017-09-26,ålgård skole ,Ja,Nei,Ja,
2017-09-27,ålgård skole ,Ja,Nei,Ja,
2017-09-28,ålgård skole ,Ja,Nei,Ja,
2017-09-29,ålgård skole ,Ja,Nei,Ja,
2017-09-30,ålgård skole ,Nei,Nei,Nei,Lørdag
2017-10-01,ålgård skole ,Nei,Nei,Nei,Søndag
2017-10-02,ålgård skole ,Ja,Nei,Ja,
2017-10-03,ålgård skole ,Ja,Nei,Ja,
2017-10-04,ålgård skole ,Ja,Nei,Ja,
2017-10-05,ålgård skole ,Ja,Nei,Ja,
2017-10-06,ålgård skole ,Ja,Nei,Ja,
2017-10-07,ålgård skole ,Nei,Nei,Nei,Lørdag
2017-10-08,ålgård skole ,Nei,Nei,Nei,Søndag
2017-10-09,ålgård skole ,Nei,Nei,Nei,Ja,Høstferie
2017-10-10,ålgård skole ,Nei,Nei,Nei,Ja,Høstferie
2017-10-11,ålgård skole ,Nei,Nei,Nei,Ja,Høstferie
2017-10-12,ålgård skole ,Nei,Nei,Nei,Ja,Høstferie
2017-10-13,ålgård skole ,Nei,Nei,Nei,Ja,Høstferie
2017-10-14,ålgård skole ,Nei,Nei,Nei,Lørdag
2017-10-15,ålgård skole ,Nei,Nei,Nei,Søndag
2017-10-16,ålgård skole ,Ja,Nei,Ja,
2017-10-17,ålgård skole ,Ja,Nei,Ja,
2017-10-18,ålgård skole ,Ja,Nei,Ja,
2017-10-19,ålgård skole ,Ja,Nei,Ja,
2017-10-20,ålgård skole ,Ja,Nei,Ja,
2017-10-21,ålgård skole ,Nei,Nei,Nei,Lørdag
2017-10-22,ålgård skole ,Nei,Nei,Nei,Søndag
2017-10-23,ålgård skole ,Ja,Nei,Ja,
2017-10-24,ålgård skole ,Ja,Nei,Ja,
2017-10-25,ålgård skole ,Ja,Nei,Ja,
2017-10-26,ålgård skole ,Ja,Nei,Ja,
2017-10-27,ålgård skole ,Ja,Nei,Ja,
2017-10-28,ålgård skole ,Nei,Nei,Nei,Lørdag
2017-10-29,ålgård skole ,Nei,Nei,Nei,Søndag
2017-10-30,ålgård skole ,Ja,Nei,Ja,
2017-10-31,ålgård skole ,Ja,Nei,Ja,
2017-11-01,ålgård skole ,Ja,Nei,Ja,
2017-11-02,ålgård skole ,Ja,Nei,Ja,
2017-11-03,ålgård skole ,Ja,Nei,Ja,
2017-11-04,ålgård skole ,Nei,Nei,Nei,Lørdag
2017-11-05,ålgård skole ,Nei,Nei,Nei,Søndag
2017-11-06,ålgård skole ,Ja,Nei,Ja,
2017-11-07,ålgård skole ,Ja,Nei,Ja,
2017-11-08,ålgård skole ,Ja,Nei,Ja,
2017-11-09,ålgård skole ,Ja,Nei,Ja,
2017-11-10,ålgård skole ,Ja,Nei,Ja,
2017-11-11,ålgård skole ,Nei,Nei,Nei,Lørdag
2017-11-12,ålgård skole ,Nei,Nei,Nei,Søndag
2017-11-13,ålgård skole ,Ja,Nei,Ja,
2017-11-14,ålgård skole ,Ja,Nei,Ja,
2017-11-15,ålgård skole ,Ja,Nei,Ja,
2017-11-16,ålgård skole ,Ja,Nei,Ja,
2017-11-17,ålgård skole ,Nei,Nei,Ja,Plandag
2017-11-18,ålgård skole ,Nei,Nei,Nei,Lørdag
2017-11-19,ålgård skole ,Nei,Nei,Nei,Søndag
2017-11-20,ålgård skole ,Ja,Nei,Ja,
2017-11-21,ålgård skole ,Ja,Nei,Ja,
2017-11-22,ålgård skole ,Ja,Nei,Ja,
2017-11-23,ålgård skole ,Ja,Nei,Ja,
2017-11-24,ålgård skole ,Ja,Nei,Ja,
2017-11-25,ålgård skole ,Nei,Nei,Nei,Lørdag
2017-11-26,ålgård skole ,Nei,Nei,Nei,Søndag
2017-11-27,ålgård skole ,Ja,Nei,Ja,
2017-11-28,ålgård skole ,Ja,Nei,Ja,
2017-11-29,ålgård skole ,Ja,Nei,Ja,
2017-11-30,ålgård skole ,Ja,Nei,Ja,
2017-12-01,ålgård skole ,Ja,Nei,Ja,
2017-12-02,ålgård skole ,Nei,Nei,Nei,Lørdag
2017-12-03,ålgård skole ,Nei,Nei,Nei,Søndag
2017-12-04,ålgård skole ,Ja,Nei,Ja,
2017-12-05,ålgård skole ,Ja,Nei,Ja,
2017-12-06,ålgård skole ,Ja,Nei,Ja,
2017-12-07,ålgård skole ,Ja,Nei,Ja,
2017-12-08,ålgård skole ,Ja,Nei,Ja,
2017-12-09,ålgård skole ,Nei,Nei,Nei,Lørdag
2017-12-10,ålgård skole ,Nei,Nei,Nei,Søndag
2017-12-11,ålgård skole ,Ja,Nei,Ja,
2017-12-12,ålgård skole ,Ja,Nei,Ja,
2017-12-13,ålgård skole ,Ja,Nei,Ja,
2017-12-14,ålgård skole ,Ja,Nei,Ja,
2017-12-15,ålgård skole ,Ja,Nei,Ja,
2017-12-16,ålgård skole ,Nei,Nei,Nei,Lørdag
2017-12-17,ålgård skole ,Nei,Nei,Nei,Søndag
2017-12-18,ålgård skole ,Ja,Nei,Ja,
2017-12-19,ålgård skole ,Ja,Nei,Ja,
2017-12-20,ålgård skole ,Ja,Nei,Ja,
2017-12-21,ålgård skole ,Ja,Nei,Ja,Siste skoledag før jul 
2017-12-22,ålgård skole ,Nei,Nei,Nei,Ja,Juleferie 
2017-12-23,ålgård skole ,Nei,Nei,Nei,Lørdag
2017-12-24,ålgård skole ,Nei,Nei,Nei,Søndag
2017-12-25,ålgård skole ,Nei,Nei,Nei,1. Juledag
2017-12-26,ålgård skole ,Nei,Nei,Nei,2. Juledag 
2017-12-27,ålgård skole ,Nei,Nei,Nei,Ja,Juleferie 
2017-12-28,ålgård skole ,Nei,Nei,Nei,Ja,Juleferie 
2017-12-29,ålgård skole ,Nei,Nei,Nei,Ja,Juleferie 
2017-12-30,ålgård skole ,Nei,Nei,Nei,Lørdag
2017-12-31,ålgård skole ,Nei,Nei,Nei,Søndag
2018-01-01,ålgård skole ,Nei,Nei,Nei,1. Nyttårsdag 
2018-01-02,ålgård skole ,Nei,Nei,Nei,Ja,Plandag
2018-01-03,ålgård skole ,Ja,Nei,Ja,Første skoledag etter jul
2018-01-04,ålgård skole ,Ja,Nei,Ja,
2018-01-05,ålgård skole ,Ja,Nei,Ja,
2018-01-06,ålgård skole ,Nei,Nei,Nei,Lørdag
2018-01-07,ålgård skole ,Nei,Nei,Nei,Søndag
2018-01-08,ålgård skole ,Ja,Nei,Ja,
2018-01-09,ålgård skole ,Ja,Nei,Ja,
2018-01-10,ålgård skole ,Ja,Nei,Ja,
2018-01-11,ålgård skole ,Ja,Nei,Ja,
2018-01-12,ålgård skole ,Ja,Nei,Ja,
2018-01-13,ålgård skole ,Nei,Nei,Nei,Lørdag
2018-01-14,ålgård skole ,Nei,Nei,Nei,Søndag
2018-01-15,ålgård skole ,Ja,Nei,Ja,
2018-01-16,ålgård skole ,Ja,Nei,Ja,
2018-01-17,ålgård skole ,Ja,Nei,Ja,
2018-01-18,ålgård skole ,Ja ,,
2018-01-19,ålgård skole ,Ja,Nei,Ja,
2018-01-20,ålgård skole ,Nei,Nei,Nei,Lørdag
2018-01-21,ålgård skole ,Nei,Nei,Nei,Søndag
2018-01-22,ålgård skole ,Ja,Nei,Ja,
2018-01-23,ålgård skole ,Ja,Nei,Ja,
2018-01-24,ålgård skole ,Ja,Nei,Ja,
2018-01-25,ålgård skole ,Ja,Nei,Ja,
2018-01-26,ålgård skole ,Ja,Nei,Ja,
2018-01-27,ålgård skole ,Nei,Nei,Nei,Lørdag
2018-01-28,ålgård skole ,Nei,Nei,Nei,Søndag
2018-01-29,ålgård skole ,Ja,Nei,Ja,
2018-01-30,ålgård skole ,Ja,Nei,Ja,
2018-01-31,ålgård skole ,Ja,Nei,Ja,
2018-02-01,ålgård skole ,Ja,Nei,Ja,
2018-02-02,ålgård skole ,Ja,Nei,Ja,
2018-02-03,ålgård skole ,Nei,Nei,Nei,Lørdag
2018-02-04,ålgård skole ,Nei,Nei,Nei,Søndag
2018-02-05,ålgård skole ,Ja,Nei,Ja,
2018-02-06,ålgård skole ,Ja,Nei,Ja,
2018-02-07,ålgård skole ,Ja,Nei,Ja,
2018-02-08,ålgård skole ,Ja,Nei,Ja,
2018-02-09,ålgård skole ,Ja,Nei,Ja,
2018-02-10,ålgård skole ,Nei,Nei,Nei,Lørdag
2018-02-11,ålgård skole ,Nei,Nei,Nei,Søndag
2018-02-12,ålgård skole ,Nei,Nei,Nei,Ja,Vinterferie
2018-02-13,ålgård skole ,Nei,Nei,Nei,Ja,Vinterferie
2018-02-14,ålgård skole ,Nei,Nei,Nei,Ja,Vinterferie
2018-02-15,ålgård skole ,Nei,Nei,Nei,Ja,Vinterferie
2018-02-16,ålgård skole ,Nei,Nei,Nei,Ja,Vinterferie
2018-02-17,ålgård skole ,Nei,Nei,Nei,Lørdag
2018-02-18,ålgård skole ,Nei,Nei,Nei,Søndag
2018-02-19,ålgård skole ,Ja,Nei,Ja,
2018-02-20,ålgård skole ,Ja,Nei,Ja,
2018-02-21,ålgård skole ,Ja,Nei,Ja,
2018-02-22,ålgård skole ,Ja,Nei,Ja,
2018-02-23,ålgård skole ,Ja,Nei,Ja,
2018-02-24,ålgård skole ,Nei,Nei,Nei,Lørdag
2018-02-25,ålgård skole ,Nei,Nei,Nei,Søndag
2018-02-26,ålgård skole ,Ja,Nei,Ja,
2018-02-27,ålgård skole ,Ja,Nei,Ja,
2018-02-28,ålgård skole ,Ja,Nei,Ja,
2018-03-01,ålgård skole ,Ja,Nei,Ja,
2018-03-02,ålgård skole ,Ja,Nei,Ja,
2018-03-03,ålgård skole ,Nei,Nei,Nei,Lørdag
2018-03-04,ålgård skole ,Nei,Nei,Nei,Søndag
2018-03-05,ålgård skole ,Ja,Nei,Ja,
2018-03-06,ålgård skole ,Ja,Nei,Ja,
2018-03-07,ålgård skole ,Ja,Nei,Ja,
2018-03-08,ålgård skole ,Ja,Nei,Ja,
2018-03-09,ålgård skole ,Ja,Nei,Ja,
2018-03-10,ålgård skole ,Nei,Nei,Nei,Lørdag
2018-03-11,ålgård skole ,Nei,Nei,Nei,Søndag
2018-03-12,ålgård skole ,Ja,Nei,Ja,
2018-03-13,ålgård skole ,Ja,Nei,Ja,
2018-03-14,ålgård skole ,Ja,Nei,Ja,
2018-03-15,ålgård skole ,Ja,Nei,Ja,
2018-03-16,ålgård skole ,Ja,Nei,Ja,
2018-03-17,ålgård skole ,Nei,Nei,Nei,Lørdag
2018-03-18,ålgård skole ,Nei,Nei,Nei,Søndag
2018-03-19,ålgård skole ,Ja,Nei,Ja,
2018-03-20,ålgård skole ,Ja,Nei,Ja,
2018-03-21,ålgård skole ,Ja,Nei,Ja,
2018-03-22,ålgård skole ,Ja,Nei,Ja,
2018-03-23,ålgård skole ,Ja,Nei,Ja,
2018-03-24,ålgård skole ,Nei,Nei,Nei,Lørdag
2018-03-25,ålgård skole ,Nei,Nei,Nei,Søndag
2018-03-26,ålgård skole ,Nei,Nei,Nei,Ja,Påskeferie
2018-03-27,ålgård skole ,Nei,Nei,Nei,Ja,Påskeferie
2018-03-28,ålgård skole ,Nei,Nei,Nei,Ja,Påskeferie
2018-03-29,ålgård skole ,Nei,Nei,Nei,Skjærtorsdag 
2018-03-30,ålgård skole ,Nei,Nei,Nei,Langfredag 
2018-03-31,ålgård skole ,Nei,Nei,Nei,Lørdag
2018-04-01,ålgård skole ,Nei,Nei,Nei,Søndag
2018-04-02,ålgård skole ,Nei,Nei ,2. Påskedag 
2018-04-03,ålgård skole ,Ja,Nei,Ja,Første skoledag etter påske 
2018-04-04,ålgård skole ,Ja,Nei,Ja,
2018-04-05,ålgård skole ,Ja,Nei,Ja,
2018-04-06,ålgård skole ,Ja,Nei,Ja,
2018-04-07,ålgård skole ,Nei,Nei,Nei,Lørdag
2018-04-08,ålgård skole ,Nei,Nei,Nei,Søndag
2018-04-09,ålgård skole ,Ja,Nei,Ja,
2018-04-10,ålgård skole ,Ja,Nei,Ja,
2018-04-11,ålgård skole ,Ja,Nei,Ja,
2018-04-12,ålgård skole ,Ja,Nei,Ja,
2018-04-13,ålgård skole ,Ja,Nei,Ja,
2018-04-14,ålgård skole ,Nei,Nei,Nei,Lørdag
2018-04-15,ålgård skole ,Nei,Nei,Nei,Søndag
2018-04-16,ålgård skole ,Ja,Nei,Ja,
2018-04-17,ålgård skole ,Ja,Nei,Ja,
2018-04-18,ålgård skole ,Ja,Nei,Ja,
2018-04-19,ålgård skole ,Ja,Nei,Ja,
2018-04-20,ålgård skole ,Ja,Nei,Ja,
2018-04-21,ålgård skole ,Nei,Nei,Nei,Lørdag
2018-04-22,ålgård skole ,Nei,Nei,Nei,Søndag
2018-04-23,ålgård skole ,Ja,Nei,Ja,
2018-04-24,ålgård skole ,Ja,Nei,Ja,
2018-04-25,ålgård skole ,Ja,Nei,Ja,
2018-04-26,ålgård skole ,Ja,Nei,Ja,
2018-04-27,ålgård skole ,Ja,Nei,Ja,
2018-04-28,ålgård skole ,Nei,Nei,Nei,Lørdag
2018-04-29,ålgård skole ,Nei,Nei,Nei,Søndag
2018-04-30,ålgård skole ,Nei,Nei,Nei,Ja,Fridag for elevene 
2018-05-01,ålgård skole ,Nei,Nei,Nei,Off. fridag 
2018-05-02,ålgård skole ,Ja,Nei,Ja,
2018-05-03,ålgård skole ,Ja,Nei,Ja,
2018-05-04,ålgård skole ,Ja,Nei,Ja,
2018-05-05,ålgård skole ,Nei,Nei,Nei,Lørdag
2018-05-06,ålgård skole ,Nei,Nei,Nei,Søndag
2018-05-07,ålgård skole ,Ja,Nei,Ja,
2018-05-08,ålgård skole ,Ja,Nei,Ja,
2018-05-09,ålgård skole ,Ja,Nei,Ja,
2018-05-10,ålgård skole ,Nei,Nei,Nei,Kr.H.F
2018-05-11,ålgård skole ,Nei,Nei,Nei,Ja,Fridag for elevene 
2018-05-12,ålgård skole ,Nei,Nei,Nei,Lørdag
2018-05-13,ålgård skole ,Nei,Nei,Nei,Søndag
2018-05-14,ålgård skole ,Ja,Nei,Ja,
2018-05-15,ålgård skole ,Ja,Nei,Ja,
2018-05-16,ålgård skole ,Ja,Nei,Ja,
2018-05-17,ålgård skole ,Nei,Nei,Nei,Grunnlovsdag 
2018-05-18,ålgård skole ,Nei,Nei,Nei,Ja,Fridag for elevene
2018-05-19,ålgård skole ,Nei,Nei,Nei,Lørdag
2018-05-20,ålgård skole ,Nei,Nei,Nei,Søndag
2018-05-21,ålgård skole ,Nei,Nei,Nei,2. pinsedag 
2018-05-22,ålgård skole ,Ja,Nei,Ja,
2018-05-23,ålgård skole ,Ja,Nei,Ja,
2018-05-24,ålgård skole ,Ja,Nei,Ja,
2018-05-25,ålgård skole ,Ja,Nei,Ja,
2018-05-26,ålgård skole ,Nei,Nei,Nei,Lørdag
2018-05-27,ålgård skole ,Nei,Nei,Nei,Søndag
2018-05-28,ålgård skole ,Ja,Nei,Ja,
2018-05-29,ålgård skole ,Ja,Nei,Ja,
2018-05-30,ålgård skole ,Ja,Nei,Ja,
2018-05-31,ålgård skole ,Ja,Nei,Ja,
2018-06-01,ålgård skole ,Ja,Nei,Ja,
2018-06-02,ålgård skole ,Nei,Nei,Nei,Lørdag
2018-06-03,ålgård skole ,Nei,Nei,Nei,Søndag
2018-06-04,ålgård skole ,Ja,Nei,Ja,
2018-06-05,ålgård skole ,Ja,Nei,Ja,
2018-06-06,ålgård skole ,Ja,Nei,Ja,
2018-06-07,ålgård skole ,Ja,Nei,Ja,
2018-06-08,ålgård skole ,Ja,Nei,Ja,
2018-06-09,ålgård skole ,Nei,Nei,Nei,Lørdag
2018-06-10,ålgård skole ,Nei,Nei,Nei,Søndag
2018-06-11,ålgård skole ,Ja,Nei,Ja,
2018-06-12,ålgård skole ,Ja,Nei,Ja,
2018-06-13,ålgård skole ,Ja,Nei,Ja,
2018-06-14,ålgård skole ,Ja,Nei,Ja,
2018-06-15,ålgård skole ,Ja,Nei,Ja,
2018-06-16,ålgård skole ,Nei,Nei,Nei,Lørdag
2018-06-17,ålgård skole ,Nei,Nei,Nei,Søndag
2018-06-18,ålgård skole ,Ja,Nei,Ja,
2018-06-19,ålgård skole ,Ja,Nei,Ja,
2018-06-20,ålgård skole ,Ja,Nei,Ja,
2018-06-21,ålgård skole ,Ja,Nei,Ja,
2018-06-22,ålgård skole ,Ja,Nei,Ja,Siste skoledag for elevene 
2018-06-23,ålgård skole ,Nei,Nei,Nei,Lørdag
2018-06-24,ålgård skole ,Nei,Nei,Nei,Søndag
2018-06-25,ålgård skole ,Nei,Nei,Nei,Ja,Sommerferie 
2018-06-26,ålgård skole ,Nei,Nei,Nei,Ja,Sommerferie 
2018-06-27,ålgård skole ,Nei,Nei,Nei,Ja,Sommerferie 
2018-06-28,ålgård skole ,Nei,Nei,Nei,Ja,Sommerferie 
2018-06-29,ålgård skole ,Nei,Nei,Nei,Ja,Sommerferie 
2018-06-30,ålgård skole ,Nei,Nei,Nei,Lørdag
2017-08-01,Oltedal skole ,Nei,Nei,Nei,Ja,Sommerferie 
2017-08-02,Oltedal skole ,Nei,Nei,Nei,Ja,Sommerferie 
2017-08-03,Oltedal skole ,Nei,Nei,Nei,Ja,Sommerferie 
2017-08-04,Oltedal skole ,Nei,Nei,Nei,Ja,Sommerferie 
2017-08-05,Oltedal skole ,Nei,Nei,Nei,Lørdag
2017-08-06,Oltedal skole ,Nei,Nei,Nei,Søndag
2017-08-07,Oltedal skole ,Nei,Nei,Nei,Ja,Sommerferie 
2017-08-08,Oltedal skole ,Nei,Nei,Nei,Ja,Sommerferie 
2017-08-09,Oltedal skole ,Nei,Nei,Nei,Ja,Sommerferie 
2017-08-10,Oltedal skole ,Nei,Nei,Nei,Ja,Sommerferie 
2017-08-11,Oltedal skole ,Nei,Nei,Nei,Ja,Sommerferie 
2017-08-12,Oltedal skole ,Nei,Nei,Nei,Lørdag
2017-08-13,Oltedal skole ,Nei,Nei,Nei,Søndag
2017-08-14,Oltedal skole ,Nei,Nei,Nei,Ja,Sommerferie 
2017-08-15,Oltedal skole ,Nei,Nei,Nei,Ja,Sommerferie 
2017-08-16,Oltedal skole ,Nei,Nei,Nei,Ja,Sommerferie 
2017-08-17,Oltedal skole ,Ja,Nei,Ja,Skolestart for elevene 
2017-08-18,Oltedal skole ,Ja,Nei,Ja,
2017-08-19,Oltedal skole ,Nei,Nei,Nei,Lørdag
2017-08-20,Oltedal skole ,Nei,Nei,Nei,Søndag
2017-08-21,Oltedal skole ,Ja,Nei,Ja,
2017-08-22,Oltedal skole ,Ja,Nei,Ja,
2017-08-23,Oltedal skole ,Ja,Nei,Ja,
2017-08-24,Oltedal skole ,Ja,Nei,Ja,
2017-08-25,Oltedal skole ,Ja,Nei,Ja,
2017-08-26,Oltedal skole ,Nei,Nei,Nei,Lørdag
2017-08-27,Oltedal skole ,Nei,Nei,Nei,Søndag
2017-08-28,Oltedal skole ,Ja,Nei,Ja,
2017-08-29,Oltedal skole ,Ja,Nei,Ja,
2017-08-30,Oltedal skole ,Ja,Nei,Ja,
2017-08-31,Oltedal skole ,Ja,Nei,Ja,
2017-09-01,Oltedal skole ,Ja,Nei,Ja,
2017-09-02,Oltedal skole ,Nei,Nei,Nei,Lørdag
2017-09-03,Oltedal skole ,Nei,Nei,Nei,Søndag
2017-09-04,Oltedal skole ,Ja,Nei,Ja,
2017-09-05,Oltedal skole ,Ja,Nei,Ja,
2017-09-06,Oltedal skole ,Ja,Nei,Ja,
2017-09-07,Oltedal skole ,Ja,Nei,Ja,
2017-09-08,Oltedal skole ,Ja,Nei,Ja,
2017-09-09,Oltedal skole ,Nei,Nei,Nei,Lørdag
2017-09-10,Oltedal skole ,Nei,Nei,Nei,Søndag
2017-09-11,Oltedal skole ,Ja,Nei,Ja,
2017-09-12,Oltedal skole ,Ja,Nei,Ja,
2017-09-13,Oltedal skole ,Ja,Nei,Ja,
2017-09-14,Oltedal skole ,Ja,Nei,Ja,
2017-09-15,Oltedal skole ,Ja,Nei,Ja,
2017-09-16,Oltedal skole ,Nei,Nei,Nei,Lørdag
2017-09-17,Oltedal skole ,Nei,Nei,Nei,Søndag
2017-09-18,Oltedal skole ,Ja,Nei,Ja,
2017-09-19,Oltedal skole ,Ja,Nei,Ja,
2017-09-20,Oltedal skole ,Ja,Nei,Ja,
2017-09-21,Oltedal skole ,Ja,Nei,Ja,
2017-09-22,Oltedal skole ,Ja,Nei,Ja,
2017-09-23,Oltedal skole ,Nei,Nei,Nei,Lørdag
2017-09-24,Oltedal skole ,Nei,Nei,Nei,Søndag
2017-09-25,Oltedal skole ,Ja,Nei,Ja,
2017-09-26,Oltedal skole ,Ja,Nei,Ja,
2017-09-27,Oltedal skole ,Ja,Nei,Ja,
2017-09-28,Oltedal skole ,Ja,Nei,Ja,
2017-09-29,Oltedal skole ,Ja,Nei,Ja,
2017-09-30,Oltedal skole ,Nei,Nei,Nei,Lørdag
2017-10-01,Oltedal skole ,Nei,Nei,Nei,Søndag
2017-10-02,Oltedal skole ,Ja,Nei,Ja,
2017-10-03,Oltedal skole ,Ja,Nei,Ja,
2017-10-04,Oltedal skole ,Ja,Nei,Ja,
2017-10-05,Oltedal skole ,Ja,Nei,Ja,
2017-10-06,Oltedal skole ,Ja,Nei,Ja,
2017-10-07,Oltedal skole ,Nei,Nei,Nei,Lørdag
2017-10-08,Oltedal skole ,Nei,Nei,Nei,Søndag
2017-10-09,Oltedal skole ,Nei,Nei,Nei,Ja,Høstferie
2017-10-10,Oltedal skole ,Nei,Nei,Nei,Ja,Høstferie
2017-10-11,Oltedal skole ,Nei,Nei,Nei,Ja,Høstferie
2017-10-12,Oltedal skole ,Nei,Nei,Nei,Ja,Høstferie
2017-10-13,Oltedal skole ,Nei,Nei,Nei,Ja,Høstferie
2017-10-14,Oltedal skole ,Nei,Nei,Nei,Lørdag
2017-10-15,Oltedal skole ,Nei,Nei,Nei,Søndag
2017-10-16,Oltedal skole ,Ja,Nei,Ja,
2017-10-17,Oltedal skole ,Ja,Nei,Ja,
2017-10-18,Oltedal skole ,Ja,Nei,Ja,
2017-10-19,Oltedal skole ,Ja,Nei,Ja,
2017-10-20,Oltedal skole ,Ja,Nei,Ja,
2017-10-21,Oltedal skole ,Nei,Nei,Nei,Lørdag
2017-10-22,Oltedal skole ,Nei,Nei,Nei,Søndag
2017-10-23,Oltedal skole ,Ja,Nei,Ja,
2017-10-24,Oltedal skole ,Ja,Nei,Ja,
2017-10-25,Oltedal skole ,Ja,Nei,Ja,
2017-10-26,Oltedal skole ,Ja,Nei,Ja,
2017-10-27,Oltedal skole ,Ja,Nei,Ja,
2017-10-28,Oltedal skole ,Nei,Nei,Nei,Lørdag
2017-10-29,Oltedal skole ,Nei,Nei,Nei,Søndag
2017-10-30,Oltedal skole ,Ja,Nei,Ja,
2017-10-31,Oltedal skole ,Ja,Nei,Ja,
2017-11-01,Oltedal skole ,Ja,Nei,Ja,
2017-11-02,Oltedal skole ,Ja,Nei,Ja,
2017-11-03,Oltedal skole ,Ja,Nei,Ja,
2017-11-04,Oltedal skole ,Nei,Nei,Nei,Lørdag
2017-11-05,Oltedal skole ,Nei,Nei,Nei,Søndag
2017-11-06,Oltedal skole ,Ja,Nei,Ja,
2017-11-07,Oltedal skole ,Ja,Nei,Ja,
2017-11-08,Oltedal skole ,Ja,Nei,Ja,
2017-11-09,Oltedal skole ,Ja,Nei,Ja,
2017-11-10,Oltedal skole ,Ja,Nei,Ja,
2017-11-11,Oltedal skole ,Nei,Nei,Nei,Lørdag
2017-11-12,Oltedal skole ,Nei,Nei,Nei,Søndag
2017-11-13,Oltedal skole ,Ja,Nei,Ja,
2017-11-14,Oltedal skole ,Ja,Nei,Ja,
2017-11-15,Oltedal skole ,Ja,Nei,Ja,
2017-11-16,Oltedal skole ,Ja,Nei,Ja,
2017-11-17,Oltedal skole ,Nei,Nei,Ja,Plandag
2017-11-18,Oltedal skole ,Nei,Nei,Nei,Lørdag
2017-11-19,Oltedal skole ,Nei,Nei,Nei,Søndag
2017-11-20,Oltedal skole ,Ja,Nei,Ja,
2017-11-21,Oltedal skole ,Ja,Nei,Ja,
2017-11-22,Oltedal skole ,Ja,Nei,Ja,
2017-11-23,Oltedal skole ,Ja,Nei,Ja,
2017-11-24,Oltedal skole ,Ja,Nei,Ja,
2017-11-25,Oltedal skole ,Nei,Nei,Nei,Lørdag
2017-11-26,Oltedal skole ,Nei,Nei,Nei,Søndag
2017-11-27,Oltedal skole ,Ja,Nei,Ja,
2017-11-28,Oltedal skole ,Ja,Nei,Ja,
2017-11-29,Oltedal skole ,Ja,Nei,Ja,
2017-11-30,Oltedal skole ,Ja,Nei,Ja,
2017-12-01,Oltedal skole ,Ja,Nei,Ja,
2017-12-02,Oltedal skole ,Nei,Nei,Nei,Lørdag
2017-12-03,Oltedal skole ,Nei,Nei,Nei,Søndag
2017-12-04,Oltedal skole ,Ja,Nei,Ja,
2017-12-05,Oltedal skole ,Ja,Nei,Ja,
2017-12-06,Oltedal skole ,Ja,Nei,Ja,
2017-12-07,Oltedal skole ,Ja,Nei,Ja,
2017-12-08,Oltedal skole ,Ja,Nei,Ja,
2017-12-09,Oltedal skole ,Nei,Nei,Nei,Lørdag
2017-12-10,Oltedal skole ,Nei,Nei,Nei,Søndag
2017-12-11,Oltedal skole ,Ja,Nei,Ja,
2017-12-12,Oltedal skole ,Ja,Nei,Ja,
2017-12-13,Oltedal skole ,Ja,Nei,Ja,
2017-12-14,Oltedal skole ,Ja,Nei,Ja,
2017-12-15,Oltedal skole ,Ja,Nei,Ja,
2017-12-16,Oltedal skole ,Nei,Nei,Nei,Lørdag
2017-12-17,Oltedal skole ,Nei,Nei,Nei,Søndag
2017-12-18,Oltedal skole ,Ja,Nei,Ja,
2017-12-19,Oltedal skole ,Ja,Nei,Ja,
2017-12-20,Oltedal skole ,Ja,Nei,Ja,
2017-12-21,Oltedal skole ,Ja,Nei,Ja,Siste skoledag før jul 
2017-12-22,Oltedal skole ,Nei,Nei,Nei,Ja,Juleferie 
2017-12-23,Oltedal skole ,Nei,Nei,Nei,Lørdag
2017-12-24,Oltedal skole ,Nei,Nei,Nei,Søndag 
2017-12-25,Oltedal skole ,Nei,Nei,Nei,1. Juledag
2017-12-26,Oltedal skole ,Nei,Nei,Nei,2. Juledag 
2017-12-27,Oltedal skole ,Nei,Nei,Nei,Ja,Juleferie 
2017-12-28,Oltedal skole ,Nei,Nei,Nei,Ja,Juleferie 
2017-12-29,Oltedal skole ,Nei,Nei,Nei,Ja,Juleferie 
2017-12-30,Oltedal skole ,Nei,Nei,Nei,Lørdag
2017-12-31,Oltedal skole ,Nei,Nei,Nei,Søndag
2018-01-01,Oltedal skole ,Nei,Nei,Nei,1. Nyttårsdag 
2018-01-02,Oltedal skole ,Nei,Nei,Nei,Ja,Plandag
2018-01-03,Oltedal skole ,Ja,Nei,Ja,Første skoledag etter jul
2018-01-04,Oltedal skole ,Ja,Nei,Ja,
2018-01-05,Oltedal skole ,Ja,Nei,Ja,
2018-01-06,Oltedal skole ,Nei,Nei,Nei,Lørdag
2018-01-07,Oltedal skole ,Nei,Nei,Nei,Søndag
2018-01-08,Oltedal skole ,Ja,Nei,Ja,
2018-01-09,Oltedal skole ,Ja,Nei,Ja,
2018-01-10,Oltedal skole ,Ja,Nei,Ja,
2018-01-11,Oltedal skole ,Ja,Nei,Ja,
2018-01-12,Oltedal skole ,Ja,Nei,Ja,
2018-01-13,Oltedal skole ,Nei,Nei,Nei,Lørdag
2018-01-14,Oltedal skole ,Nei,Nei,Nei,Søndag
2018-01-15,Oltedal skole ,Ja,Nei,Ja,
2018-01-16,Oltedal skole ,Ja,Nei,Ja,
2018-01-17,Oltedal skole ,Ja,Nei,Ja,
2018-01-18,Oltedal skole ,Ja,Nei,Ja,
2018-01-19,Oltedal skole ,Ja,Nei,Ja,
2018-01-20,Oltedal skole ,Nei,Nei,Nei,Lørdag
2018-01-21,Oltedal skole ,Nei,Nei,Nei,Søndag
2018-01-22,Oltedal skole ,Ja,Nei,Ja,
2018-01-23,Oltedal skole ,Ja,Nei,Ja,
2018-01-24,Oltedal skole ,Ja,Nei,Ja,
2018-01-25,Oltedal skole ,Ja,Nei,Ja,
2018-01-26,Oltedal skole ,Ja,Nei,Ja,
2018-01-27,Oltedal skole ,Nei,Nei,Nei,Lørdag
2018-01-28,Oltedal skole ,Nei,Nei,Nei,Søndag
2018-01-29,Oltedal skole ,Ja,Nei,Ja,
2018-01-30,Oltedal skole ,Ja,Nei,Ja,
2018-01-31,Oltedal skole ,Ja,Nei,Ja,
2018-02-01,Oltedal skole ,Ja,Nei,Ja,
2018-02-02,Oltedal skole ,Ja,Nei,Ja,
2018-02-03,Oltedal skole ,Nei,Nei,Nei,Lørdag
2018-02-04,Oltedal skole ,Nei,Nei,Nei,Søndag
2018-02-05,Oltedal skole ,Ja,Nei,Ja,
2018-02-06,Oltedal skole ,Ja,Nei,Ja,
2018-02-07,Oltedal skole ,Ja,Nei,Ja,
2018-02-08,Oltedal skole ,Ja,Nei,Ja,
2018-02-09,Oltedal skole ,Ja,Nei,Ja,
2018-02-10,Oltedal skole ,Nei,Nei,Nei,Lørdag
2018-02-11,Oltedal skole ,Nei,Nei,Nei,Søndag
2018-02-12,Oltedal skole ,Nei,Nei,Nei,Ja,Vinterferie
2018-02-13,Oltedal skole ,Nei,Nei,Nei,Ja,Vinterferie
2018-02-14,Oltedal skole ,Nei,Nei,Nei,Ja,Vinterferie
2018-02-15,Oltedal skole ,Nei,Nei,Nei,Ja,Vinterferie
2018-02-16,Oltedal skole ,Nei,Nei,Nei,Ja,Vinterferie
2018-02-17,Oltedal skole ,Nei,Nei,Nei,Lørdag
2018-02-18,Oltedal skole ,Nei,Nei,Nei,Søndag
2018-02-19,Oltedal skole ,Ja,Nei,Ja,
2018-02-20,Oltedal skole ,Ja,Nei,Ja,
2018-02-21,Oltedal skole ,Ja,Nei,Ja,
2018-02-22,Oltedal skole ,Ja,Nei,Ja,
2018-02-23,Oltedal skole ,Ja,Nei,Ja,
2018-02-24,Oltedal skole ,Nei,Nei,Nei,Lørdag
2018-02-25,Oltedal skole ,Nei,Nei,Nei,Søndag
2018-02-26,Oltedal skole ,Ja,Nei,Ja,
2018-02-27,Oltedal skole ,Ja,Nei,Ja,
2018-02-28,Oltedal skole ,Ja,Nei,Ja,
2018-03-01,Oltedal skole ,Ja,Nei,Ja,
2018-03-02,Oltedal skole ,Ja,Nei,Ja,
2018-03-03,Oltedal skole ,Nei,Nei,Nei,Lørdag
2018-03-04,Oltedal skole ,Nei,Nei,Nei,Søndag
2018-03-05,Oltedal skole ,Ja,Nei,Ja,
2018-03-06,Oltedal skole ,Ja,Nei,Ja,
2018-03-07,Oltedal skole ,Ja,Nei,Ja,
2018-03-08,Oltedal skole ,Ja,Nei,Ja,
2018-03-09,Oltedal skole ,Ja,Nei,Ja,
2018-03-10,Oltedal skole ,Nei,Nei,Nei,Lørdag
2018-03-11,Oltedal skole ,Nei,Nei,Nei,Søndag
2018-03-12,Oltedal skole ,Ja,Nei,Ja,
2018-03-13,Oltedal skole ,Ja,Nei,Ja,
2018-03-14,Oltedal skole ,Ja,Nei,Ja,
2018-03-15,Oltedal skole ,Ja,Nei,Ja,
2018-03-16,Oltedal skole ,Ja,Nei,Ja,
2018-03-17,Oltedal skole ,Nei,Nei,Nei,Lørdag
2018-03-18,Oltedal skole ,Nei,Nei,Nei,Søndag
2018-03-19,Oltedal skole ,Ja,Nei,Ja,
2018-03-20,Oltedal skole ,Ja,Nei,Ja,
2018-03-21,Oltedal skole ,Ja,Nei,Ja,
2018-03-22,Oltedal skole ,Ja,Nei,Ja,
2018-03-23,Oltedal skole ,Ja,Nei,Ja,
2018-03-24,Oltedal skole ,Nei,Nei,Nei,Lørdag
2018-03-25,Oltedal skole ,Nei,Nei,Nei,Søndag
2018-03-26,Oltedal skole ,Nei,Nei,Nei,Ja,Påskeferie
2018-03-27,Oltedal skole ,Nei,Nei,Nei,Ja,Påskeferie
2018-03-28,Oltedal skole ,Nei,Nei,Nei,Ja,Påskeferie
2018-03-29,Oltedal skole ,Nei,Nei,Nei,Skjærtorsdag 
2018-03-30,Oltedal skole ,Nei,Nei,Nei,Langfredag 
2018-03-31,Oltedal skole ,Nei,Nei,Nei,Lørdag
2018-04-01,Oltedal skole ,Nei,Nei,Nei,Søndag
2018-04-02,Oltedal skole ,Nei,Nei,Nei,2. Påskedag 
2018-04-03,Oltedal skole ,Ja,Nei,Ja,Første skoledag etter påske 
2018-04-04,Oltedal skole ,Ja,Nei,Ja,
2018-04-05,Oltedal skole ,Ja,Nei,Ja,
2018-04-06,Oltedal skole ,Ja,Nei,Ja,
2018-04-07,Oltedal skole ,Nei,Nei,Nei,Lørdag
2018-04-08,Oltedal skole ,Nei,Nei,Nei,Søndag
2018-04-09,Oltedal skole ,Ja,Nei,Ja,
2018-04-10,Oltedal skole ,Ja,Nei,Ja,
2018-04-11,Oltedal skole ,Ja,Nei,Ja,
2018-04-12,Oltedal skole ,Ja,Nei,Ja,
2018-04-13,Oltedal skole ,Ja,Nei,Ja,
2018-04-14,Oltedal skole ,Nei,Nei,Nei,Lørdag
2018-04-15,Oltedal skole ,Nei,Nei,Nei,Søndag
2018-04-16,Oltedal skole ,Ja,Nei,Ja,
2018-04-17,Oltedal skole ,Ja,Nei,Ja,
2018-04-18,Oltedal skole ,Ja,Nei,Ja,
2018-04-19,Oltedal skole ,Ja,Nei,Ja,
2018-04-20,Oltedal skole ,Ja,Nei,Ja,
2018-04-21,Oltedal skole ,Nei,Nei,Nei,Lørdag
2018-04-22,Oltedal skole ,Nei,Nei,Nei,Søndag
2018-04-23,Oltedal skole ,Ja,Nei,Ja,
2018-04-24,Oltedal skole ,Ja,Nei,Ja,
2018-04-25,Oltedal skole ,Ja,Nei,Ja,
2018-04-26,Oltedal skole ,Ja,Nei,Ja,
2018-04-27,Oltedal skole ,Ja,Nei,Ja,
2018-04-28,Oltedal skole ,Nei,Nei,Nei,Lørdag
2018-04-29,Oltedal skole ,Nei,Nei,Nei,Søndag
2018-04-30,Oltedal skole ,Nei,Nei,Nei,Ja,Fridag for elevene 
2018-05-01,Oltedal skole ,Nei,Nei,Nei,Off. fridag 
2018-05-02,Oltedal skole ,Ja,Nei,Ja,
2018-05-03,Oltedal skole ,Ja,Nei,Ja,
2018-05-04,Oltedal skole ,Ja,Nei,Ja,
2018-05-05,Oltedal skole ,Nei,Nei,Nei,Lørdag
2018-05-06,Oltedal skole ,Nei,Nei,Nei,Søndag
2018-05-07,Oltedal skole ,Ja,Nei,Ja,
2018-05-08,Oltedal skole ,Ja,Nei,Ja,
2018-05-09,Oltedal skole ,Ja,Nei,Ja,
2018-05-10,Oltedal skole ,Nei,Nei,Nei,Kr.H.F
2018-05-11,Oltedal skole ,Nei,Nei,Nei,Ja,Fridag for elevene 
2018-05-12,Oltedal skole ,Nei,Nei,Nei,Lørdag
2018-05-13,Oltedal skole ,Nei,Nei,Nei,Søndag
2018-05-14,Oltedal skole ,Ja,Nei,Ja,
2018-05-15,Oltedal skole ,Ja,Nei,Ja,
2018-05-16,Oltedal skole ,Ja,Nei,Ja,
2018-05-17,Oltedal skole ,Nei,Nei,Nei,Grunnlovsdag 
2018-05-18,Oltedal skole ,Nei,Nei,Nei,Ja,Fridag for elevene
2018-05-19,Oltedal skole ,Nei,Nei,Nei,Lørdag
2018-05-20,Oltedal skole ,Nei,Nei,Nei,Søndag
2018-05-21,Oltedal skole ,Nei,Nei,Nei,2. pinsedag 
2018-05-22,Oltedal skole ,Ja,Nei,Ja,
2018-05-23,Oltedal skole ,Ja,Nei,Ja,
2018-05-24,Oltedal skole ,Ja,Nei,Ja,
2018-05-25,Oltedal skole ,Ja,Nei,Ja,
2018-05-26,Oltedal skole ,Nei,Nei,Nei,Lørdag
2018-05-27,Oltedal skole ,Nei,Nei,Nei,Søndag
2018-05-28,Oltedal skole ,Ja,Nei,Ja,
2018-05-29,Oltedal skole ,Ja,Nei,Ja,
2018-05-30,Oltedal skole ,Ja,Nei,Ja,
2018-05-31,Oltedal skole ,Ja,Nei,Ja,
2018-06-01,Oltedal skole ,Ja,Nei,Ja,
2018-06-02,Oltedal skole ,Nei,Nei,Nei,Lørdag
2018-06-03,Oltedal skole ,Nei,Nei,Nei,Søndag
2018-06-04,Oltedal skole ,Ja,Nei,Ja,
2018-06-05,Oltedal skole ,Ja,Nei,Ja,
2018-06-06,Oltedal skole ,Ja,Nei,Ja,
2018-06-07,Oltedal skole ,Ja,Nei,Ja,
2018-06-08,Oltedal skole ,Ja,Nei,Ja,
2018-06-09,Oltedal skole ,Nei,Nei,Nei,Lørdag
2018-06-10,Oltedal skole ,Nei,Nei,Nei,Søndag
2018-06-11,Oltedal skole ,Ja,Nei,Ja,
2018-06-12,Oltedal skole ,Ja,Nei,Ja,
2018-06-13,Oltedal skole ,Ja,Nei,Ja,
2018-06-14,Oltedal skole ,Ja,Nei,Ja,
2018-06-15,Oltedal skole ,Ja,Nei,Ja,
2018-06-16,Oltedal skole ,Nei,Nei,Nei,Lørdag
2018-06-17,Oltedal skole ,Nei,Nei,Nei,Søndag
2018-06-18,Oltedal skole ,Ja,Nei,Ja,
2018-06-19,Oltedal skole ,Ja,Nei,Ja,
2018-06-20,Oltedal skole ,Ja,Nei,Ja,
2018-06-21,Oltedal skole ,Ja,Nei,Ja,
2018-06-22,Oltedal skole ,Ja,Nei,Ja,Siste skoledag for elevene 
2018-06-23,Oltedal skole ,Nei,Nei,Nei,Lørdag
2018-06-24,Oltedal skole ,Nei,Nei,Nei,Søndag
2018-06-25,Oltedal skole ,Nei,Nei,Nei,Ja,Sommerferie 
2018-06-26,Oltedal skole ,Nei,Nei,Nei,Ja,Sommerferie 
2018-06-27,Oltedal skole ,Nei,Nei,Nei,Ja,Sommerferie 
2018-06-28,Oltedal skole ,Nei,Nei,Nei,Ja,Sommerferie 
2018-06-29,Oltedal skole ,Nei,Nei,Nei,Ja,Sommerferie 
2018-06-30,Oltedal skole ,Nei,Nei,Nei,Lørdag
2017-08-01,Dirdal skole ,Nei,Nei,Nei,Ja,Sommerferie 
2017-08-02,Dirdal skole ,Nei,Nei,Nei,Ja,Sommerferie 
2017-08-03,Dirdal skole ,Nei,Nei,Nei,Ja,Sommerferie 
2017-08-04,Dirdal skole ,Nei,Nei,Nei,Ja,Sommerferie 
2017-08-05,Dirdal skole ,Nei,Nei,Nei,Lørdag
2017-08-06,Dirdal skole ,Nei,Nei,Nei,Søndag
2017-08-07,Dirdal skole ,Nei,Nei,Nei,Ja,Sommerferie 
2017-08-08,Dirdal skole ,Nei,Nei,Nei,Ja,Sommerferie 
2017-08-09,Dirdal skole ,Nei,Nei,Nei,Ja,Sommerferie 
2017-08-10,Dirdal skole ,Nei,Nei,Nei,Ja,Sommerferie 
2017-08-11,Dirdal skole ,Nei,Nei,Nei,Ja,Sommerferie 
2017-08-12,Dirdal skole ,Nei,Nei,Nei,Lørdag
2017-08-13,Dirdal skole ,Nei,Nei,Nei,Søndag
2017-08-14,Dirdal skole ,Nei,Nei,Nei,Ja,Sommerferie 
2017-08-15,Dirdal skole ,Nei,Nei,Nei,Ja,Sommerferie 
2017-08-16,Dirdal skole ,Nei,Nei,Nei,Ja,Sommerferie 
2017-08-17,Dirdal skole ,Ja,Nei,Ja,Skolestart for elevene 
2017-08-18,Dirdal skole ,Ja,Nei,Ja,
2017-08-19,Dirdal skole ,Nei,Nei,Nei,Lørdag
2017-08-20,Dirdal skole ,Nei,Nei,Nei,Søndag
2017-08-21,Dirdal skole ,Ja,Nei,Ja,
2017-08-22,Dirdal skole ,Ja,Nei,Ja,
2017-08-23,Dirdal skole ,Ja,Nei,Ja,
2017-08-24,Dirdal skole ,Ja,Nei,Ja,
2017-08-25,Dirdal skole ,Ja,Nei,Ja,
2017-08-26,Dirdal skole ,Nei,Nei,Nei,Lørdag
2017-08-27,Dirdal skole ,Nei,Nei,Nei,Søndag
2017-08-28,Dirdal skole ,Ja,Nei,Ja,
2017-08-29,Dirdal skole ,Ja,Nei,Ja,
2017-08-30,Dirdal skole ,Ja,Nei,Ja,
2017-08-31,Dirdal skole ,Ja,Nei,Ja,
2017-09-01,Dirdal skole ,Ja,Nei,Ja,
2017-09-02,Dirdal skole ,Nei,Nei,Nei,Lørdag
2017-09-03,Dirdal skole ,Nei,Nei,Nei,Søndag
2017-09-04,Dirdal skole ,Ja,Nei,Ja,
2017-09-05,Dirdal skole ,Ja,Nei,Ja,
2017-09-06,Dirdal skole ,Ja,Nei,Ja,
2017-09-07,Dirdal skole ,Ja,Nei,Ja,
2017-09-08,Dirdal skole ,Ja,Nei,Ja,
2017-09-09,Dirdal skole ,Nei,Nei,Nei,Lørdag
2017-09-10,Dirdal skole ,Nei,Nei,Nei,Søndag
2017-09-11,Dirdal skole ,Ja,Nei,Ja,
2017-09-12,Dirdal skole ,Ja,Nei,Ja,
2017-09-13,Dirdal skole ,Ja,Nei,Ja,
2017-09-14,Dirdal skole ,Ja,Nei,Ja,
2017-09-15,Dirdal skole ,Ja,Nei,Ja,
2017-09-16,Dirdal skole ,Nei,Nei,Nei,Lørdag
2017-09-17,Dirdal skole ,Nei,Nei,Nei,Søndag
2017-09-18,Dirdal skole ,Ja,Nei,Ja,
2017-09-19,Dirdal skole ,Ja,Nei,Ja,
2017-09-20,Dirdal skole ,Ja,Nei,Ja,
2017-09-21,Dirdal skole ,Ja,Nei,Ja,
2017-09-22,Dirdal skole ,Ja,Nei,Ja,
2017-09-23,Dirdal skole ,Nei,Nei,Nei,Lørdag
2017-09-24,Dirdal skole ,Nei,Nei,Nei,Søndag
2017-09-25,Dirdal skole ,Ja,Nei,Ja,
2017-09-26,Dirdal skole ,Ja,Nei,Ja,
2017-09-27,Dirdal skole ,Ja,Nei,Ja,
2017-09-28,Dirdal skole ,Ja,Nei,Ja,
2017-09-29,Dirdal skole ,Ja,Nei,Ja,
2017-09-30,Dirdal skole ,Nei,Nei,Nei,Lørdag
2017-10-01,Dirdal skole ,Nei,Nei,Nei,Søndag
2017-10-02,Dirdal skole ,Ja,Nei,Ja,
2017-10-03,Dirdal skole ,Ja,Nei,Ja,
2017-10-04,Dirdal skole ,Ja,Nei,Ja,
2017-10-05,Dirdal skole ,Ja,Nei,Ja,
2017-10-06,Dirdal skole ,Ja,Nei,Ja,
2017-10-07,Dirdal skole ,Nei,Nei,Nei,Lørdag
2017-10-08,Dirdal skole ,Nei,Nei,Nei,Søndag
2017-10-09,Dirdal skole ,Nei,Nei,Nei,Ja,Høstferie
2017-10-10,Dirdal skole ,Nei,Nei,Nei,Ja,Høstferie
2017-10-11,Dirdal skole ,Nei,Nei,Nei,Ja,Høstferie
2017-10-12,Dirdal skole ,Nei,Nei,Nei,Ja,Høstferie
2017-10-13,Dirdal skole ,Nei,Nei,Nei,Ja,Høstferie
2017-10-14,Dirdal skole ,Nei,Nei,Nei,Lørdag
2017-10-15,Dirdal skole ,Nei,Nei,Nei,Søndag
2017-10-16,Dirdal skole ,Ja,Nei,Ja,
2017-10-17,Dirdal skole ,Ja,Nei,Ja,
2017-10-18,Dirdal skole ,Ja,Nei,Ja,
2017-10-19,Dirdal skole ,Ja,Nei,Ja,
2017-10-20,Dirdal skole ,Ja,Nei,Ja,
2017-10-21,Dirdal skole ,Nei,Nei,Nei,Lørdag
2017-10-22,Dirdal skole ,Nei,Nei,Nei,Søndag
2017-10-23,Dirdal skole ,Ja,Nei,Ja,
2017-10-24,Dirdal skole ,Ja,Nei,Ja,
2017-10-25,Dirdal skole ,Ja,Nei,Ja,
2017-10-26,Dirdal skole ,Ja,Nei,Ja,
2017-10-27,Dirdal skole ,Ja,Nei,Ja,
2017-10-28,Dirdal skole ,Nei,Nei,Nei,Lørdag
2017-10-29,Dirdal skole ,Nei,Nei,Nei,Søndag
2017-10-30,Dirdal skole ,Ja,Nei,Ja,
2017-10-31,Dirdal skole ,Ja,Nei,Ja,
2017-11-01,Dirdal skole ,Ja,Nei,Ja,
2017-11-02,Dirdal skole ,Ja,Nei,Ja,
2017-11-03,Dirdal skole ,Ja,Nei,Ja,
2017-11-04,Dirdal skole ,Nei,Nei,Nei,Lørdag
2017-11-05,Dirdal skole ,Nei,Nei,Nei,Søndag
2017-11-06,Dirdal skole ,Ja,Nei,Ja,
2017-11-07,Dirdal skole ,Ja,Nei,Ja,
2017-11-08,Dirdal skole ,Ja,Nei,Ja,
2017-11-09,Dirdal skole ,Ja,Nei,Ja,
2017-11-10,Dirdal skole ,Ja,Nei,Ja,
2017-11-11,Dirdal skole ,Nei,Nei,Nei,Lørdag
2017-11-12,Dirdal skole ,Nei,Nei,Nei,Søndag
2017-11-13,Dirdal skole ,Ja,Nei,Ja,
2017-11-14,Dirdal skole ,Ja,Nei,Ja,
2017-11-15,Dirdal skole ,Ja,Nei,Ja,
2017-11-16,Dirdal skole ,Ja,Nei,Ja,
2017-11-17,Dirdal skole ,Nei,Nei,Ja,Plandag
2017-11-18,Dirdal skole ,Nei,Nei,Nei,Lørdag
2017-11-19,Dirdal skole ,Nei,Nei,Nei,Søndag
2017-11-20,Dirdal skole ,Ja,Nei,Ja,
2017-11-21,Dirdal skole ,Ja,Nei,Ja,
2017-11-22,Dirdal skole ,Ja,Nei,Ja,
2017-11-23,Dirdal skole ,Ja,Nei,Ja,
2017-11-24,Dirdal skole ,Ja,Nei,Ja,
2017-11-25,Dirdal skole ,Nei,Nei,Nei,Lørdag
2017-11-26,Dirdal skole ,Nei,Nei,Nei,Søndag
2017-11-27,Dirdal skole ,Ja,Nei,Ja,
2017-11-28,Dirdal skole ,Ja,Nei,Ja,
2017-11-29,Dirdal skole ,Ja,Nei,Ja,
2017-11-30,Dirdal skole ,Ja,Nei,Ja,
2017-12-01,Dirdal skole ,Ja,Nei,Ja,
2017-12-02,Dirdal skole ,Nei,Nei,Nei,Lørdag
2017-12-03,Dirdal skole ,Nei,Nei,Nei,Søndag
2017-12-04,Dirdal skole ,Ja,Nei,Ja,
2017-12-05,Dirdal skole ,Ja,Nei,Ja,
2017-12-06,Dirdal skole ,Ja,Nei,Ja,
2017-12-07,Dirdal skole ,Ja,Nei,Ja,
2017-12-08,Dirdal skole ,Ja,Nei,Ja,
2017-12-09,Dirdal skole ,Nei,Nei,Nei,Lørdag
2017-12-10,Dirdal skole ,Nei,Nei,Nei,Søndag
2017-12-11,Dirdal skole ,Ja,Nei,Ja,
2017-12-12,Dirdal skole ,Ja,Nei,Ja,
2017-12-13,Dirdal skole ,Ja,Nei,Ja,
2017-12-14,Dirdal skole ,Ja,Nei,Ja,
2017-12-15,Dirdal skole ,Ja,Nei,Ja,
2017-12-16,Dirdal skole ,Nei,Nei,Nei,Lørdag
2017-12-17,Dirdal skole ,Nei,Nei,Nei,Søndag
2017-12-18,Dirdal skole ,Ja,Nei,Ja,
2017-12-19,Dirdal skole ,Ja,Nei,Ja,
2017-12-20,Dirdal skole ,Ja,Nei,Ja,
2017-12-21,Dirdal skole ,Ja,Nei,Ja,Siste skoledag før jul 
2017-12-22,Dirdal skole ,Nei,Nei,Nei,Ja,Juleferie 
2017-12-23,Dirdal skole ,Nei,Nei,Nei,Lørdag
2017-12-24,Dirdal skole ,Nei,Nei,Nei,Søndag
2017-12-25,Dirdal skole ,Nei,Nei,Nei,1. Juledag
2017-12-26,Dirdal skole ,Nei,Nei,Nei,2. Juledag 
2017-12-27,Dirdal skole ,Nei,Nei,Nei,Ja,Juleferie 
2017-12-28,Dirdal skole ,Nei,Nei,Nei,Ja,Juleferie 
2017-12-29,Dirdal skole ,Nei,Nei,Nei,Ja,Juleferie 
2017-12-30,Dirdal skole ,Nei,Nei,Nei,Lørdag
2017-12-31,Dirdal skole ,Nei,Nei,Nei,Søndag
2018-01-01,Dirdal skole ,Nei,Nei,Nei,1. Nyttårsdag 
2018-01-02,Dirdal skole ,Nei,Nei,Nei,Ja,Plandag
2018-01-03,Dirdal skole ,Ja,Nei,Ja,Første skoledag etter jul
2018-01-04,Dirdal skole ,Ja,Nei,Ja,
2018-01-05,Dirdal skole ,Ja,Nei,Ja,
2018-01-06,Dirdal skole ,Nei,Nei,Nei,Lørdag
2018-01-07,Dirdal skole ,Nei,Nei,Nei,Søndag
2018-01-08,Dirdal skole ,Ja,Nei,Ja,
2018-01-09,Dirdal skole ,Ja,Nei,Ja,
2018-01-10,Dirdal skole ,Ja,Nei,Ja,
2018-01-11,Dirdal skole ,Ja,Nei,Ja,
2018-01-12,Dirdal skole ,Ja,Nei,Ja,
2018-01-13,Dirdal skole ,Nei,Nei,Nei,Lørdag
2018-01-14,Dirdal skole ,Nei,Nei,Nei,Søndag
2018-01-15,Dirdal skole ,Ja,Nei,Ja,
2018-01-16,Dirdal skole ,Ja,Nei,Ja,
2018-01-17,Dirdal skole ,Ja,Nei,Ja,
2018-01-18,Dirdal skole ,Ja,Nei,Ja,
2018-01-19,Dirdal skole ,Ja,Nei,Ja,
2018-01-20,Dirdal skole ,Nei,Nei,Nei,Lørdag
2018-01-21,Dirdal skole ,Nei,Nei,Nei,Søndag
2018-01-22,Dirdal skole ,Ja,Nei,Ja,
2018-01-23,Dirdal skole ,Ja,Nei,Ja,
2018-01-24,Dirdal skole ,Ja,Nei,Ja,
2018-01-25,Dirdal skole ,Ja,Nei,Ja,
2018-01-26,Dirdal skole ,Ja,Nei,Ja,
2018-01-27,Dirdal skole ,Nei,Nei,Nei,Lørdag
2018-01-28,Dirdal skole ,Nei,Nei,Nei,Søndag
2018-01-29,Dirdal skole ,Ja,Nei,Ja,
2018-01-30,Dirdal skole ,Ja,Nei,Ja,
2018-01-31,Dirdal skole ,Ja,Nei,Ja,
2018-02-01,Dirdal skole ,Ja,Nei,Ja,
2018-02-02,Dirdal skole ,Ja,Nei,Ja,
2018-02-03,Dirdal skole ,Nei,Nei,Nei,Lørdag
2018-02-04,Dirdal skole ,Nei,Nei,Nei,Søndag
2018-02-05,Dirdal skole ,Ja,Nei,Ja,
2018-02-06,Dirdal skole ,Ja,Nei,Ja,
2018-02-07,Dirdal skole ,Ja,Nei,Ja,
2018-02-08,Dirdal skole ,Ja,Nei,Ja,
2018-02-09,Dirdal skole ,Ja,Nei,Ja,
2018-02-10,Dirdal skole ,Nei,Nei,Nei,Lørdag
2018-02-11,Dirdal skole ,Nei,Nei,Nei,Søndag
2018-02-12,Dirdal skole ,Nei,Nei,Nei,Ja,Vinterferie
2018-02-13,Dirdal skole ,Nei,Nei,Nei,Ja,Vinterferie
2018-02-14,Dirdal skole ,Nei,Nei,Nei,Ja,Vinterferie
2018-02-15,Dirdal skole ,Nei,Nei,Nei,Ja,Vinterferie
2018-02-16,Dirdal skole ,Nei,Nei,Nei,Ja,Vinterferie
2018-02-17,Dirdal skole ,Nei,Nei,Nei,Lørdag
2018-02-18,Dirdal skole ,Nei,Nei,Nei,Søndag
2018-02-19,Dirdal skole ,Ja,Nei,Ja,
2018-02-20,Dirdal skole ,Ja,Nei,Ja,
2018-02-21,Dirdal skole ,Ja,Nei,Ja,
2018-02-22,Dirdal skole ,Ja,Nei,Ja,
2018-02-23,Dirdal skole ,Ja,Nei,Ja,
2018-02-24,Dirdal skole ,Nei,Nei,Nei,Lørdag
2018-02-25,Dirdal skole ,Nei,Nei,Nei,Søndag
2018-02-26,Dirdal skole ,Ja,Nei,Ja,
2018-02-27,Dirdal skole ,Ja,Nei,Ja,
2018-02-28,Dirdal skole ,Ja,Nei,Ja,
2018-03-01,Dirdal skole ,Ja,Nei,Ja,
2018-03-02,Dirdal skole ,Ja,Nei,Ja,
2018-03-03,Dirdal skole ,Nei,Nei,Nei,Lørdag
2018-03-04,Dirdal skole ,Nei,Nei,Nei,Søndag
2018-03-05,Dirdal skole ,Ja,Nei,Ja,
2018-03-06,Dirdal skole ,Ja,Nei,Ja,
2018-03-07,Dirdal skole ,Ja,Nei,Ja,
2018-03-08,Dirdal skole ,Ja,Nei,Ja,
2018-03-09,Dirdal skole ,Ja,Nei,Ja,
2018-03-10,Dirdal skole ,Nei,Nei,Nei,Lørdag
2018-03-11,Dirdal skole ,Nei,Nei,Nei,Søndag
2018-03-12,Dirdal skole ,Ja,Nei,Ja,
2018-03-13,Dirdal skole ,Ja,Nei,Ja,
2018-03-14,Dirdal skole ,Ja,Nei,Ja,
2018-03-15,Dirdal skole ,Ja,Nei,Ja,
2018-03-16,Dirdal skole ,Ja,Nei,Ja,
2018-03-17,Dirdal skole ,Nei,Nei,Nei,Lørdag
2018-03-18,Dirdal skole ,Nei,Nei,Nei,Søndag
2018-03-19,Dirdal skole ,Ja,Nei,Ja,
2018-03-20,Dirdal skole ,Ja,Nei,Ja,
2018-03-21,Dirdal skole ,Ja,Nei,Ja,
2018-03-22,Dirdal skole ,Ja,Nei,Ja,
2018-03-23,Dirdal skole ,Ja,Nei,Ja,
2018-03-24,Dirdal skole ,Nei,Nei,Nei,Lørdag
2018-03-25,Dirdal skole ,Nei,Nei,Nei,Søndag
2018-03-26,Dirdal skole ,Nei,Nei,Nei,Ja,Påskeferie
2018-03-27,Dirdal skole ,Nei,Nei,Nei,Ja,Påskeferie
2018-03-28,Dirdal skole ,Nei,Nei,Nei,Ja,Påskeferie
2018-03-29,Dirdal skole ,Nei,Nei,Nei,Skjærtorsdag 
2018-03-30,Dirdal skole ,Nei,Nei,Nei,Langfredag
2018-03-31,Dirdal skole ,Nei,Nei,Nei,Lørdag
2018-04-01,Dirdal skole ,Nei,Nei,Nei,Søndag
2018-04-02,Dirdal skole ,Nei,Nei,Nei,2. påskedag 
2018-04-03,Dirdal skole ,Ja,Nei,Ja,Første skoledag etter påske 
2018-04-04,Dirdal skole ,Ja,Nei,Ja,
2018-04-05,Dirdal skole ,Ja,Nei,Ja,
2018-04-06,Dirdal skole ,Ja,Nei,Ja,
2018-04-07,Dirdal skole ,Nei,Nei,Nei,Lørdag
2018-04-08,Dirdal skole ,Nei,Nei,Nei,Søndag
2018-04-09,Dirdal skole ,Ja,Nei,Ja,
2018-04-10,Dirdal skole ,Ja,Nei,Ja,
2018-04-11,Dirdal skole ,Ja,Nei,Ja,
2018-04-12,Dirdal skole ,Ja,Nei,Ja,
2018-04-13,Dirdal skole ,Ja,Nei,Ja,
2018-04-14,Dirdal skole ,Nei,Nei,Nei,Lørdag
2018-04-15,Dirdal skole ,Nei,Nei,Nei,Søndag
2018-04-16,Dirdal skole ,Ja,Nei,Ja,
2018-04-17,Dirdal skole ,Ja,Nei,Ja,
2018-04-18,Dirdal skole ,Ja,Nei,Ja,
2018-04-19,Dirdal skole ,Ja,Nei,Ja,
2018-04-20,Dirdal skole ,Ja,Nei,Ja,
2018-04-21,Dirdal skole ,Nei,Nei,Nei,Lørdag
2018-04-22,Dirdal skole ,Nei,Nei,Nei,Søndag
2018-04-23,Dirdal skole ,Ja,Nei,Ja,
2018-04-24,Dirdal skole ,Ja,Nei,Ja,
2018-04-25,Dirdal skole ,Ja,Nei,Ja,
2018-04-26,Dirdal skole ,Ja,Nei,Ja,
2018-04-27,Dirdal skole ,Ja,Nei,Ja,
2018-04-28,Dirdal skole ,Nei,Nei,Nei,Lørdag
2018-04-29,Dirdal skole ,Nei,Nei,Nei,Søndag
2018-04-30,Dirdal skole ,Nei,Nei,Nei,Ja,Fridag for elevene 
2018-05-01,Dirdal skole ,Nei,Nei,Nei,Off. fridag 
2018-05-02,Dirdal skole ,Ja,Nei,Ja,
2018-05-03,Dirdal skole ,Ja,Nei,Ja,
2018-05-04,Dirdal skole ,Ja,Nei,Ja,
2018-05-05,Dirdal skole ,Nei,Nei,Nei,Lørdag
2018-05-06,Dirdal skole ,Nei,Nei,Nei,Søndag
2018-05-07,Dirdal skole ,Ja,Nei,Ja,
2018-05-08,Dirdal skole ,Ja,Nei,Ja,
2018-05-09,Dirdal skole ,Ja,Nei,Ja,
2018-05-10,Dirdal skole ,Nei,Nei,Nei,Kr.H.F
2018-05-11,Dirdal skole ,Nei,Nei,Nei,Ja,Fridag for elevene 
2018-05-12,Dirdal skole ,Nei,Nei,Nei,Lørdag
2018-05-13,Dirdal skole ,Nei,Nei,Nei,Søndag
2018-05-14,Dirdal skole ,Ja,Nei,Ja,
2018-05-15,Dirdal skole ,Ja,Nei,Ja,
2018-05-16,Dirdal skole ,Ja,Nei,Ja,
2018-05-17,Dirdal skole ,Nei,Nei,Nei,Grunnlovsdag 
2018-05-18,Dirdal skole ,Nei,Nei,Nei,Ja,Fridag for elevene
2018-05-19,Dirdal skole ,Nei,Nei,Nei,Lørdag
2018-05-20,Dirdal skole ,Nei,Nei,Nei,Søndag
2018-05-21,Dirdal skole ,Nei,Nei,Nei,2. pinsedag 
2018-05-22,Dirdal skole ,Ja,Nei,Ja,
2018-05-23,Dirdal skole ,Ja,Nei,Ja,
2018-05-24,Dirdal skole ,Ja,Nei,Ja,
2018-05-25,Dirdal skole ,Ja,Nei,Ja,
2018-05-26,Dirdal skole ,Nei,Nei,Nei,Lørdag
2018-05-27,Dirdal skole ,Nei,Nei,Nei,Søndag
2018-05-28,Dirdal skole ,Ja,Nei,Ja,
2018-05-29,Dirdal skole ,Ja,Nei,Ja,
2018-05-30,Dirdal skole ,Ja,Nei,Ja,
2018-05-31,Dirdal skole ,Ja,Nei,Ja,
2018-06-01,Dirdal skole ,Ja,Nei,Ja,
2018-06-02,Dirdal skole ,Nei,Nei,Nei,Lørdag
2018-06-03,Dirdal skole ,Nei,Nei,Nei,Søndag
2018-06-04,Dirdal skole ,Ja,Nei,Ja,
2018-06-05,Dirdal skole ,Ja,Nei,Ja,
2018-06-06,Dirdal skole ,Ja,Nei,Ja,
2018-06-07,Dirdal skole ,Ja,Nei,Ja,
2018-06-08,Dirdal skole ,Ja,Nei,Ja,
2018-06-09,Dirdal skole ,Nei,Nei,Nei,Lørdag
2018-06-10,Dirdal skole ,Nei,Nei,Nei,Søndag
2018-06-11,Dirdal skole ,Ja,Nei,Ja,
2018-06-12,Dirdal skole ,Ja,Nei,Ja,
2018-06-13,Dirdal skole ,Ja,Nei,Ja,
2018-06-14,Dirdal skole ,Ja,Nei,Ja,
2018-06-15,Dirdal skole ,Ja,Nei,Ja,
2018-06-16,Dirdal skole ,Nei,Nei,Nei,Lørdag
2018-06-17,Dirdal skole ,Nei,Nei,Nei,Søndag
2018-06-18,Dirdal skole ,Ja,Nei,Ja,
2018-06-19,Dirdal skole ,Ja,Nei,Ja,
2018-06-20,Dirdal skole ,Ja,Nei,Ja,
2018-06-21,Dirdal skole ,Ja,Nei,Ja,
2018-06-22,Dirdal skole ,Ja,Nei,Ja,Siste skoledag for elevene 
2018-06-23,Dirdal skole ,Nei,Nei,Nei,Lørdag
2018-06-24,Dirdal skole ,Nei,Nei,Nei,Søndag
2018-06-25,Dirdal skole ,Nei,Nei,Nei,Ja,Sommerferie 
2018-06-26,Dirdal skole ,Nei,Nei,Nei,Ja,Sommerferie 
2018-06-27,Dirdal skole ,Nei,Nei,Nei,Ja,Sommerferie 
2018-06-28,Dirdal skole ,Nei,Nei,Nei,Ja,Sommerferie 
2018-06-29,Dirdal skole ,Nei,Nei,Nei,Ja,Sommerferie 
2018-06-30,Dirdal skole ,Nei,Nei,Nei,Lørdag
